"id","origin","source_file","source_page","level","target_word","passage","answer_definition","dictionary_options_json","dictionary_entries_json","review_status"
"Q001","교과서 추출 후보","국어4-1나_4단원.pdf","2","level1","모자","모자와 모자 최휘 엄마 손을 잡고 가면서 들었어요","문맥에 따라 머리에 쓰는 물건, 어머니와 아들로 쓰임","","","교과서 원문 정리 및 공식 사전 대조 필요; 모든 뜻 포함 불필요"
"Q002","교과서 추출 후보","국어4-1나_4단원.pdf","2","level1","모자","모자는 모자이고 엄마와 아들은 엄마와 아들인데 왜 모자도 모자이고 엄마와 아들도 모자일까요","문맥에 따라 머리에 쓰는 물건, 어머니와 아들로 쓰임","","","교과서 원문 정리 및 공식 사전 대조 필요; 모든 뜻 포함 불필요"
"Q004","교과서 추출 후보","국어4-1나_4단원.pdf","2","level1","모자","엄마와 나는 모자처럼 바람에 날아가지 않도록 손을 꾹 잡고 걸어요","문맥에 따라 머리에 쓰는 물건, 어머니와 아들로 쓰임","","","교과서 원문 정리 및 공식 사전 대조 필요; 모든 뜻 포함 불필요"
"Q005","교과서 추출 후보","국어4-1나_4단원.pdf","16","level1","먹다","시장 구경 오늘 점심시간에 동점 상황에서 상대 축구팀에게 골을 먹고, 집에 돌아와 속상해하고 있을 때였다.","문맥에 따라 음식을 섭취하다, 점수를 잃다, 마음을 정하다 따위의 뜻으로 쓰임","","","교과서 원문 정리 및 공식 사전 대조 필요; 모든 뜻 포함 불필요"
"Q006","교과서 추출 후보","국어4-1나_4단원.pdf","16","level1","먹다","오늘 살 게 많아서 손이 부족하네.” 집을 나서면서 ‘좋아하는 과일을 사 달라고 해야지!’ 하고 마음을 먹었다.","문맥에 따라 음식을 섭취하다, 점수를 잃다, 마음을 정하다 따위의 뜻으로 쓰임","","","교과서 원문 정리 및 공식 사전 대조 필요; 모든 뜻 포함 불필요"
"Q007","교과서 추출 후보","국어4-1나_4단원.pdf","16","level2","들다","오늘 살 게 많아서 손이 부족하네.” 집을 나서면서 ‘좋아하는 과일을 사 달라고 해야지!’ 하고 마음을 먹었다. “오늘 저녁으로 고등어구이 어때?” 나는 어머니를 향해 엄지손가락을 들어 보이며 밝게 웃었다. “고등어잡이 배 에서 바로 온 거라 아주 싱싱합니다.” 생선 가게 아주머니께서 말씀하셨다.","문맥에 따라 올리다, 안으로 가다, 마음에 맞다, 비용이나 시간이 필요하다 따위의 뜻으로 쓰임","","","교과서 원문 정리 및 공식 사전 대조 필요; 모든 뜻 포함 불필요"
"Q008","교과서 추출 후보","국어4-1나_4단원.pdf","16","level2","저녁","오늘 살 게 많아서 손이 부족하네.” 집을 나서면서 ‘좋아하는 과일을 사 달라고 해야지!’ 하고 마음을 먹었다. “오늘 저녁으로 고등어구이 어때?” 나는 어머니를 향해 엄지손가락을 들어 보이며 밝게 웃었다. “고등어잡이 배 에서 바로 온 거라 아주 싱싱합니다.” 생선 가게 아주머니께서 말씀하셨다.","문맥에 따라 시간대, 저녁에 먹는 끼니로 쓰임","","","교과서 원문 정리 및 공식 사전 대조 필요; 모든 뜻 포함 불필요"
"Q009","교과서 추출 후보","국어4-1나_4단원.pdf","16","level1","배","“고등어잡이 배 에서 바로 온 거라 아주 싱싱합니다.” 생선 가게 아주머니께서 말씀하셨다.","문맥에 따라 신체의 일부, 과일, 물 위의 운송 수단, 곱절 따위의 뜻으로 쓰임","","","교과서 원문 정리 및 공식 사전 대조 필요; 모든 뜻 포함 불필요"
"Q010","교과서 추출 후보","국어4-1나_4단원.pdf","16","level2","눈","“고등어잡이 배 에서 바로 온 거라 아주 싱싱합니다.” 생선 가게 아주머니께서 말씀하셨다. 바다에서 그물을 올리며 구 슬땀을 흘리는 어부들의 모습이 눈에 보이는 것만 같았다. “엄마가 어릴 때는 과일을 직접 따서 먹기도 했단다.","문맥에 따라 보는 기관, 보는 능력, 눈길 따위의 뜻으로 쓰임","","","교과서 원문 정리 및 공식 사전 대조 필요; 모든 뜻 포함 불필요"
"Q011","교과서 추출 후보","국어4-1나_4단원.pdf","16","level1","먹다","“엄마가 어릴 때는 과일을 직접 따서 먹기도 했단다.","문맥에 따라 음식을 섭취하다, 점수를 잃다, 마음을 정하다 따위의 뜻으로 쓰임","","","교과서 원문 정리 및 공식 사전 대조 필요; 모든 뜻 포함 불필요"
"Q013","교과서 추출 후보","국어4-1나_4단원.pdf","16","level1","배","자, 과일은 채운이가 고를까?” “저의 선택은 바로 먹음직스러운 배!","문맥에 따라 신체의 일부, 과일, 물 위의 운송 수단, 곱절 따위의 뜻으로 쓰임","","","교과서 원문 정리 및 공식 사전 대조 필요; 모든 뜻 포함 불필요"
"Q014","교과서 추출 후보","국어4-1나_4단원.pdf","16","level2","눈","자, 과일은 채운이가 고를까?” “저의 선택은 바로 먹음직스러운 배! 엄청 맛있을 것 같아요.” “우아, 과일 보는 눈이 있네요. 배로 맛있답니다.” 과일 가게 아저씨는 콧노래를 부르며 크게 웃으셨다.","문맥에 따라 보는 기관, 보는 능력, 눈길 따위의 뜻으로 쓰임","","","교과서 원문 정리 및 공식 사전 대조 필요; 모든 뜻 포함 불필요"
"Q015","교과서 추출 후보","국어4-1나_4단원.pdf","16","level1","배","배로 맛있답니다.” 과일 가게 아저씨는 콧노래를 부르며 크게 웃으셨다.","문맥에 따라 신체의 일부, 과일, 물 위의 운송 수단, 곱절 따위의 뜻으로 쓰임","","","교과서 원문 정리 및 공식 사전 대조 필요; 모든 뜻 포함 불필요"
"Q016","교과서 추출 후보","국어4-1나_4단원.pdf","16","level1","배","금세 두둑해 진 장바구니를 보니 벌써 배가 부른 느낌이 들었다.","문맥에 따라 신체의 일부, 과일, 물 위의 운송 수단, 곱절 따위의 뜻으로 쓰임","","","교과서 원문 정리 및 공식 사전 대조 필요; 모든 뜻 포함 불필요"
"Q017","교과서 추출 후보","국어4-1나_4단원.pdf","16","level2","들다","배로 맛있답니다.” 과일 가게 아저씨는 콧노래를 부르며 크게 웃으셨다. 금세 두둑해 진 장바구니를 보니 벌써 배가 부른 느낌이 들었다. 다음에는 온 가 족이 손을 잡고 함께 시장 구경을 하면 좋겠다.","문맥에 따라 올리다, 안으로 가다, 마음에 맞다, 비용이나 시간이 필요하다 따위의 뜻으로 쓰임","","","교과서 원문 정리 및 공식 사전 대조 필요; 모든 뜻 포함 불필요"
"Q018","교과서 추출 후보","국어4-1나_4단원.pdf","17","level1","먹다","“상대 축구팀에게 골을 먹고”에서 ‘먹다’는 경기에서 점수를 잃었다는 뜻인 것 같아.","문맥에 따라 음식을 섭취하다, 점수를 잃다, 마음을 정하다 따위의 뜻으로 쓰임","","","교과서 원문 정리 및 공식 사전 대조 필요; 모든 뜻 포함 불필요"
"Q020","교과서 추출 후보","국어4-1나_4단원.pdf","17","level1","먹다","상대 축구팀에게 골을 먹고 배 고등어잡이 배 190","문맥에 따라 음식을 섭취하다, 점수를 잃다, 마음을 정하다 따위의 뜻으로 쓰임","","","교과서 원문 정리 및 공식 사전 대조 필요; 모든 뜻 포함 불필요"
"Q021","교과서 추출 후보","국어4-1나_4단원.pdf","17","level1","배","상대 축구팀에게 골을 먹고 배 고등어잡이 배 190","문맥에 따라 신체의 일부, 과일, 물 위의 운송 수단, 곱절 따위의 뜻으로 쓰임","","","교과서 원문 정리 및 공식 사전 대조 필요; 모든 뜻 포함 불필요"
"Q024","교과서 추출 후보","국어4-1나_4단원.pdf","25","level1","먹다","집에 돌아온 주은이는 의사 선생님께서 말씀해 주신 내용을 종이에 써서 책상 앞에 붙여 두고 하나하나 실천하기로 마음먹었다.","문맥에 따라 음식을 섭취하다, 점수를 잃다, 마음을 정하다 따위의 뜻으로 쓰임","","","교과서 원문 정리 및 공식 사전 대조 필요; 모든 뜻 포함 불필요"
"Q025","교과서 추출 후보","국어4-1나_4단원.pdf","25","level1","쓰다","집에 돌아온 주은이는 의사 선생님께서 말씀해 주신 내용을 종이에 써서 책상 앞에 붙여 두고 하나하나 실천하기로 마음먹었다.","문맥에 따라 글자를 적다, 사용하다, 힘이나 시간을 들이다 따위의 뜻으로 쓰임","","","교과서 원문 정리 및 공식 사전 대조 필요; 모든 뜻 포함 불필요"
"Q026","교과서 추출 후보","국어4-1나_4단원.pdf","25","level1","먹다","과일이나 채소를 많이 먹으면 도 움이 된단다.","문맥에 따라 음식을 섭취하다, 점수를 잃다, 마음을 정하다 따위의 뜻으로 쓰임","","","교과서 원문 정리 및 공식 사전 대조 필요; 모든 뜻 포함 불필요"
"Q030","교과서 추출 후보","국어4-1나_4단원.pdf","30","level1","쓰다","메모를 하면 내용을 기억하느라 신경을 쓰지 않아도 되어 깊이 생각하는 것에 집중할 수 있어요.","문맥에 따라 글자를 적다, 사용하다, 힘이나 시간을 들이다 따위의 뜻으로 쓰임","","","교과서 원문 정리 및 공식 사전 대조 필요; 모든 뜻 포함 불필요"
"Q036","교과서 추출 후보","국어4-1나_4단원.pdf","36","level1","치다","아울러 피아노 등의 악기를 시도 때도 없이 크게 치는 것 역시 문제가 된다.","문맥에 따라 두드리다, 줄을 만들다, 맞장구치다, 악기를 연주하다 따위의 뜻으로 쓰임","","","교과서 원문 정리 및 공식 사전 대조 필요; 모든 뜻 포함 불필요"
"Q038","교과서 추출 후보","국어4-1나_4단원.pdf","39","level1","쓰다","많은 사람이 공통으로 쓰는 말을 표준어 라고 해요.","문맥에 따라 글자를 적다, 사용하다, 힘이나 시간을 들이다 따위의 뜻으로 쓰임","","","교과서 원문 정리 및 공식 사전 대조 필요; 모든 뜻 포함 불필요"
"Q044","교과서 추출 후보","국어활동4-1_4단원.pdf","6","level1","열다","102동 아주머니가 문을 슬 쩍 열었습니다.","문맥에 따라 문을 열다, 말을 시작하다, 회의나 행사를 시작하다 따위의 뜻으로 쓰임","","","교과서 원문 정리 및 공식 사전 대조 필요; 모든 뜻 포함 불필요"
"Q045","교과서 추출 후보","국어활동4-1_4단원.pdf","6","level1","사자","물건을 정리하던 사자 씨가 상자들 틈에서 얼굴을 내밀었습니다.","문맥에 따라 동물 이름, 사겠다는 뜻, 사람 이름으로 쓰임","","","교과서 원문 정리 및 공식 사전 대조 필요; 모든 뜻 포함 불필요"
"Q047","교과서 추출 후보","국어활동4-1_4단원.pdf","6","level2","사자","“흠, 어서 오세요.” “에구머니나!” 아주머니는 문을 닫고 가 버렸습니다. 사자 씨의 모습은 머리털을 휘날리는 커다란 사자처럼 보였습 니다. 아주머니는 뒤를 힐끔거리며 달아났습니다.","문맥에 따라 동물 이름, 사겠다는 뜻, 사람 이름으로 쓰임","","","교과서 원문 정리 및 공식 사전 대조 필요; 모든 뜻 포함 불필요"
"Q048","교과서 추출 후보","국어활동4-1_4단원.pdf","6","level1","사자","해가 서쪽으로 기울어 가는데도 사자마트에 물건을 사러 오는 사람은 아무도 없었습니다.","문맥에 따라 동물 이름, 사겠다는 뜻, 사람 이름으로 쓰임","","","교과서 원문 정리 및 공식 사전 대조 필요; 모든 뜻 포함 불필요"
"Q051","교과서 추출 후보","국어활동4-1_4단원.pdf","7","level1","사자","“주인이 사자처럼 생겼더라고요.” “그래서 가게 이름도 사자마트군요.” 64","문맥에 따라 동물 이름, 사겠다는 뜻, 사람 이름으로 쓰임","","","교과서 원문 정리 및 공식 사전 대조 필요; 모든 뜻 포함 불필요"
"Q052","교과서 추출 후보","국어활동4-1_4단원.pdf","8","level1","사자","“성격이 고약해 보이던데요.” “어휴, 무섭네요.” 어느새 사자마트의 ‘사자’ 는 ‘물건을 사자’가 아닌 ‘무 서운 사자’가 되었습니다.","문맥에 따라 동물 이름, 사겠다는 뜻, 사람 이름으로 쓰임","","","교과서 원문 정리 및 공식 사전 대조 필요; 모든 뜻 포함 불필요"
"Q053","교과서 추출 후보","국어활동4-1_4단원.pdf","8","level1","사자","사람들이 생각 한 사 자 마 트 의 ‘사자’는 무엇인 가요?","문맥에 따라 동물 이름, 사겠다는 뜻, 사람 이름으로 쓰임","","","교과서 원문 정리 및 공식 사전 대조 필요; 모든 뜻 포함 불필요"
"Q054","교과서 추출 후보","국어활동4-1_4단원.pdf","11","level1","눈","“자세히 보니까 잘 보여요.” 언니가 눈을 반짝이며 말했습니다.","문맥에 따라 보는 기관, 보는 능력, 눈길 따위의 뜻으로 쓰임","","","교과서 원문 정리 및 공식 사전 대조 필요; 모든 뜻 포함 불필요"
"Q055","교과서 추출 후보","국어활동4-1_4단원.pdf","14","level2","열다","“뭐 필요한 거 있으세요?” “막힌 변기를 뚫는 것도 있을까요?” “그럼요, 여러 가지 있어요.” 사자 씨가 뚫어뻥을 종류별로 꺼내 왔습니다. 102동 아주머니가 사자마트 문을 열고 머뭇거렸습니다. “저, 초 좀 사려고요.” 길이 어두워서 멀리 못 가고 온 것입니다.","문맥에 따라 문을 열다, 말을 시작하다, 회의나 행사를 시작하다 따위의 뜻으로 쓰임","","","교과서 원문 정리 및 공식 사전 대조 필요; 모든 뜻 포함 불필요"
"Q056","교과서 추출 후보","국어활동4-1_4단원.pdf","15","level1","눈","‘사자 아저씨는 친절해서 좋아.’ 101동 아이들이 반달눈으로 웃었습니다.","문맥에 따라 보는 기관, 보는 능력, 눈길 따위의 뜻으로 쓰임","","","교과서 원문 정리 및 공식 사전 대조 필요; 모든 뜻 포함 불필요"
"Q057","교과서 추출 후보","국어4-1나_4단원.pdf","2","level1","잡다","모자와 모자 최휘 엄마 손을 잡고 가면서 들었어요","문맥에 따라 손으로 붙들다, 붙잡다, 계획이나 방향을 정하다 따위의 뜻으로 쓰임","","","교과서 원문 정리 및 공식 사전 대조 필요; 모든 뜻 포함 불필요"
"Q058","교과서 추출 후보","국어4-1나_4단원.pdf","2","level1","손","모자와 모자 최휘 엄마 손을 잡고 가면서 들었어요","문맥에 따라 신체 일부, 일손, 손님, 보살핌 따위의 뜻으로 쓰임","","","교과서 원문 정리 및 공식 사전 대조 필요; 모든 뜻 포함 불필요"
"Q059","교과서 추출 후보","국어4-1나_4단원.pdf","2","level1","잡다","엄마와 나는 모자처럼 바람에 날아가지 않도록 손을 꾹 잡고 걸어요","문맥에 따라 손으로 붙들다, 붙잡다, 계획이나 방향을 정하다 따위의 뜻으로 쓰임","","","교과서 원문 정리 및 공식 사전 대조 필요; 모든 뜻 포함 불필요"
"Q060","교과서 추출 후보","국어4-1나_4단원.pdf","2","level1","손","엄마와 나는 모자처럼 바람에 날아가지 않도록 손을 꾹 잡고 걸어요","문맥에 따라 신체 일부, 일손, 손님, 보살핌 따위의 뜻으로 쓰임","","","교과서 원문 정리 및 공식 사전 대조 필요; 모든 뜻 포함 불필요"
"Q061","교과서 추출 후보","국어4-1나_4단원.pdf","3","level2","보다","지난 주말에 저는 동생과 함께 집 앞 꽃 밭에 꽃을 심었습니다. 그런데 오늘 물을 주려고 보니 꽃 주위에 쓰레기가 흩어져 있었습니다. 꽃밭에 쓰레기를 버리지 않으면 좋겠습니다.","문맥에 따라 눈으로 살피다, 경험하다, 판단하다 따위의 뜻으로 쓰임","","","교과서 원문 정리 및 공식 사전 대조 필요; 모든 뜻 포함 불필요"
"Q064","교과서 추출 후보","국어4-1나_4단원.pdf","10","level1","말","두 문장에 쓰인 ‘눈’은 여러 가지 뜻을 담고 있는 하나의 낱말로 볼 수 있어.","문맥에 따라 이야기, 언어, 동물 따위의 뜻으로 쓰임","","","교과서 원문 정리 및 공식 사전 대조 필요; 모든 뜻 포함 불필요"
"Q065","교과서 추출 후보","국어4-1나_4단원.pdf","10","level1","담다","두 문장에 쓰인 ‘눈’은 여러 가지 뜻을 담고 있는 하나의 낱말로 볼 수 있어.","문맥에 따라 그릇에 넣다, 생각이나 뜻을 포함하다 따위의 뜻으로 쓰임","","","교과서 원문 정리 및 공식 사전 대조 필요; 모든 뜻 포함 불필요"
"Q066","교과서 추출 후보","국어4-1나_4단원.pdf","12","level1","말","두 문장에 쓰인 ‘눈’은 여러 가지 뜻을 담고 있는 하나의 낱말로 볼 수 있어.","문맥에 따라 이야기, 언어, 동물 따위의 뜻으로 쓰임","","","교과서 원문 정리 및 공식 사전 대조 필요; 모든 뜻 포함 불필요"
"Q067","교과서 추출 후보","국어4-1나_4단원.pdf","12","level1","담다","두 문장에 쓰인 ‘눈’은 여러 가지 뜻을 담고 있는 하나의 낱말로 볼 수 있어.","문맥에 따라 그릇에 넣다, 생각이나 뜻을 포함하다 따위의 뜻으로 쓰임","","","교과서 원문 정리 및 공식 사전 대조 필요; 모든 뜻 포함 불필요"
"Q072","교과서 추출 후보","국어4-1나_4단원.pdf","16","level1","마음","오늘 살 게 많아서 손이 부족하네.” 집을 나서면서 ‘좋아하는 과일을 사 달라고 해야지!’ 하고 마음을 먹었다.","문맥에 따라 감정, 생각, 의지 따위의 뜻으로 쓰임","","","교과서 원문 정리 및 공식 사전 대조 필요; 모든 뜻 포함 불필요"
"Q074","교과서 추출 후보","국어4-1나_4단원.pdf","16","level1","밝다","“오늘 저녁으로 고등어구이 어때?” 나는 어머니를 향해 엄지손가락을 들어 보이며 밝게 웃었다.","문맥에 따라 빛이 환하다, 마음이 명랑하다, 사실을 드러내다 따위의 뜻으로 쓰임","","","교과서 원문 정리 및 공식 사전 대조 필요; 모든 뜻 포함 불필요"
"Q077","교과서 추출 후보","국어4-1나_4단원.pdf","16","level1","보다","바다에서 그물을 올리며 구 슬땀을 흘리는 어부들의 모습이 눈에 보이는 것만 같았다.","문맥에 따라 눈으로 살피다, 경험하다, 판단하다 따위의 뜻으로 쓰임","","","교과서 원문 정리 및 공식 사전 대조 필요; 모든 뜻 포함 불필요"
"Q078","교과서 추출 후보","국어4-1나_4단원.pdf","16","level1","고르다","자, 과일은 채운이가 고를까?” “저의 선택은 바로 먹음직스러운 배!","문맥에 따라 여럿 중 하나를 선택하다, 고르게 만들다 따위의 뜻으로 쓰임","","","교과서 원문 정리 및 공식 사전 대조 필요; 모든 뜻 포함 불필요"
"Q079","교과서 추출 후보","국어4-1나_4단원.pdf","16","level1","보다","금세 두둑해 진 장바구니를 보니 벌써 배가 부른 느낌이 들었다.","문맥에 따라 눈으로 살피다, 경험하다, 판단하다 따위의 뜻으로 쓰임","","","교과서 원문 정리 및 공식 사전 대조 필요; 모든 뜻 포함 불필요"
"Q080","교과서 추출 후보","국어4-1나_4단원.pdf","16","level1","잡다","다음에는 온 가 족이 손을 잡고 함께 시장 구경을 하면 좋겠다.","문맥에 따라 손으로 붙들다, 붙잡다, 계획이나 방향을 정하다 따위의 뜻으로 쓰임","","","교과서 원문 정리 및 공식 사전 대조 필요; 모든 뜻 포함 불필요"
"Q081","교과서 추출 후보","국어4-1나_4단원.pdf","16","level1","손","다음에는 온 가 족이 손을 잡고 함께 시장 구경을 하면 좋겠다.","문맥에 따라 신체 일부, 일손, 손님, 보살핌 따위의 뜻으로 쓰임","","","교과서 원문 정리 및 공식 사전 대조 필요; 모든 뜻 포함 불필요"
"Q082","교과서 추출 후보","국어4-1나_4단원.pdf","21","level2","말","가 나 (1) 그림 나 의 파란색 낱말은 모두 무엇을 가리키나요? (2) 파란색 낱말을 사용하지 않을 때와 사용할 때는 어떤 차이가 있나요? (3) 파란색 낱말은 어떤 상황에서 사용하나요?","문맥에 따라 이야기, 언어, 동물 따위의 뜻으로 쓰임","","","교과서 원문 정리 및 공식 사전 대조 필요; 모든 뜻 포함 불필요"
"Q083","교과서 추출 후보","국어4-1나_4단원.pdf","21","level1","맞다","고양이 그림이 그려진 파란색 물병 은 정민이 것이 맞아.","문맥에 따라 옳다, 받아들이다, 마주하다, 호응하다 따위의 뜻으로 쓰임","","","교과서 원문 정리 및 공식 사전 대조 필요; 모든 뜻 포함 불필요"
"Q087","교과서 추출 후보","국어4-1나_4단원.pdf","22","level1","길","집에 가는 길에 넘어져 울고 있는 아이를 보자 서연 이는 귀여운 강아지 그림이 그려진 반창고 가 떠올랐어요.","문맥에 따라 다니는 통로, 방법, 익숙해진 흔적 따위의 뜻으로 쓰임","","","교과서 원문 정리 및 공식 사전 대조 필요; 모든 뜻 포함 불필요"
"Q093","교과서 추출 후보","국어4-1나_4단원.pdf","24","level1","머리","감기 친구는 싫어 주은이는 오늘 학교에서 목이 따끔거리고 머리가 아팠다.","문맥에 따라 신체 일부, 생각하는 능력, 사물의 앞부분 따위의 뜻으로 쓰임","","","교과서 원문 정리 및 공식 사전 대조 필요; 모든 뜻 포함 불필요"
"Q095","교과서 추출 후보","국어4-1나_4단원.pdf","24","level1","말","“어디가 아파서 왔니?” 주은이가 말했다.","문맥에 따라 이야기, 언어, 동물 따위의 뜻으로 쓰임","","","교과서 원문 정리 및 공식 사전 대조 필요; 모든 뜻 포함 불필요"
"Q096","교과서 추출 후보","국어4-1나_4단원.pdf","24","level1","나다","“목이 아프고 열도 많이 나서 왔어요.” 의사 선생님께서는 입안을 살펴보시고 가슴에 청진기도 대어 보시 더니 이렇게 말씀하셨다.","문맥에 따라 생기다, 밖으로 나오다, 감정이나 소리가 일다 따위의 뜻으로 쓰임","","","교과서 원문 정리 및 공식 사전 대조 필요; 모든 뜻 포함 불필요"
"Q100","교과서 추출 후보","국어4-1나_4단원.pdf","25","level1","마음","집에 돌아온 주은이는 의사 선생님께서 말씀해 주신 내용을 종이에 써서 책상 앞에 붙여 두고 하나하나 실천하기로 마음먹었다.","문맥에 따라 감정, 생각, 의지 따위의 뜻으로 쓰임","","","교과서 원문 정리 및 공식 사전 대조 필요; 모든 뜻 포함 불필요"
"Q102","교과서 추출 후보","국어4-1나_4단원.pdf","25","level2","살다","처음에는 하 나하나 실천하기가 어려웠지만, 몇 달 동안 열심히 실천했더니 더 이 상 감기는 찾아오지 않았다. “이제 감기는 내 친구가 아니야!” “우리 아이는 평소에도 감기를 달고 살아요. 감기가 친구도 아니고.” 엄마는 걱정스러운 듯 말씀하셨다.","문맥에 따라 생명을 유지하다, 거주하다, 살아 있는 상태를 유지하다 따위의 뜻으로 쓰임","","","교과서 원문 정리 및 공식 사전 대조 필요; 모든 뜻 포함 불필요"
"Q103","교과서 추출 후보","국어4-1나_4단원.pdf","25","level1","달다","“이제 감기는 내 친구가 아니야!” “우리 아이는 평소에도 감기를 달고 살아요.","문맥에 따라 붙이다, 매달다, 맛이 달다, 무게를 재다 따위의 뜻으로 쓰임","","","교과서 원문 정리 및 공식 사전 대조 필요; 모든 뜻 포함 불필요"
"Q105","교과서 추출 후보","국어4-1나_4단원.pdf","25","level2","손","과일이나 채소를 많이 먹으면 도 움이 된단다. 외출 후에는 흐르는 물에 비누로 30초 이상 손을 씻어야 해. 충분히 휴식하고, 적절히 자고 운동하는 것도 좋단다.","문맥에 따라 신체 일부, 일손, 손님, 보살핌 따위의 뜻으로 쓰임","","","교과서 원문 정리 및 공식 사전 대조 필요; 모든 뜻 포함 불필요"
"Q109","교과서 추출 후보","국어4-1나_4단원.pdf","29","level1","놓다","알림장을 쓰거나 달력에 약속을 표시하는 것, 알림을 지정해 놓는 것도 메모이지요.","문맥에 따라 물건을 두다, 걱정을 풀다, 계속하여 두다 따위의 뜻으로 쓰임","","","교과서 원문 정리 및 공식 사전 대조 필요; 모든 뜻 포함 불필요"
"Q115","교과서 추출 후보","국어4-1나_4단원.pdf","30","level1","보다","보면 중요한 것과 그렇지 않은 것을 구분할 수 있어요.","문맥에 따라 눈으로 살피다, 경험하다, 판단하다 따위의 뜻으로 쓰임","","","교과서 원문 정리 및 공식 사전 대조 필요; 모든 뜻 포함 불필요"
"Q121","교과서 추출 후보","국어4-1나_4단원.pdf","36","level1","놓다","좋아하는 장난감을 바닥에 아무 렇지 않게 ‘쾅’ 내려놓는 것도 이웃집에겐 마치 천둥소리처럼 크게 들릴 수 있는 것.","문맥에 따라 물건을 두다, 걱정을 풀다, 계속하여 두다 따위의 뜻으로 쓰임","","","교과서 원문 정리 및 공식 사전 대조 필요; 모든 뜻 포함 불필요"
"Q122","교과서 추출 후보","국어4-1나_4단원.pdf","36","level2","내리다","우리가 무심코 하는 행동도 무시무시한 층간 소음으로 둔갑 할 수 있어 주의가 필요하다. 좋아하는 장난감을 바닥에 아무 렇지 않게 ‘쾅’ 내려놓는 것도 이웃집에겐 마치 천둥소리처럼 크게 들릴 수 있는 것. 또 방문을 세게 여닫는 것도 커다란 소 음을 만들어 내는 행동 가운데 하나이다.","문맥에 따라 아래로 움직이다, 결정을 하다, 상이나 벌을 주다 따위의 뜻으로 쓰임","","","교과서 원문 정리 및 공식 사전 대조 필요; 모든 뜻 포함 불필요"
"Q123","교과서 추출 후보","국어4-1나_4단원.pdf","36","level2","소리","또 방문을 세게 여닫는 것도 커다란 소 음을 만들어 내는 행동 가운데 하나이다. 좋아하는 텔레비전 프로그램이나 영화를 생생하게 접하기 위해 커다란 소리로 영상물을 시청하는 것도 층간 소음을 발 생시킬 수 있다. 이는 청력에도 좋지 않을뿐더러 이웃에게도 큰 불편을 줄 수 있어 주의가 필요하다.","문맥에 따라 들리는 음, 말, 의견 따위의 뜻으로 쓰임","","","교과서 원문 정리 및 공식 사전 대조 필요; 모든 뜻 포함 불필요"
"Q124","교과서 추출 후보","국어4-1나_4단원.pdf","36","level1","소리","밤에 는 소리가 더 크게 증폭되므로 모두가 잠든 밤에는 연주를 삼 가야 한다.","문맥에 따라 들리는 음, 말, 의견 따위의 뜻으로 쓰임","","","교과서 원문 정리 및 공식 사전 대조 필요; 모든 뜻 포함 불필요"
"Q128","교과서 추출 후보","국어활동4-1_4단원.pdf","1","level1","내리다","하늘에서 내리는 ‘눈’은 길게 발음하고 사람의 ‘눈’은 짧게 발음해요.","문맥에 따라 아래로 움직이다, 결정을 하다, 상이나 벌을 주다 따위의 뜻으로 쓰임","","","교과서 원문 정리 및 공식 사전 대조 필요; 모든 뜻 포함 불필요"
"Q129","교과서 추출 후보","국어활동4-1_4단원.pdf","3","level2","맞다","‘다르다’와 ‘틀리다’는 같은 뜻일까, 다른 뜻일까? ‘다른 것’을 ‘틀린 것’이라고 표현하면 맞는 걸까, 틀린 걸까? 우리는 ‘틀리다’라는 말을 습관처럼 참 많이 써.","문맥에 따라 옳다, 받아들이다, 마주하다, 호응하다 따위의 뜻으로 쓰임","","","교과서 원문 정리 및 공식 사전 대조 필요; 모든 뜻 포함 불필요"
"Q130","교과서 추출 후보","국어활동4-1_4단원.pdf","3","level1","살다","세상에는 참으로 다양한 모습의 사람들이 다양한 방식으로 살아가고 있는데도 우리는 자신과 다른 것은 무 조건 틀리다고 해 버려.","문맥에 따라 생명을 유지하다, 거주하다, 살아 있는 상태를 유지하다 따위의 뜻으로 쓰임","","","교과서 원문 정리 및 공식 사전 대조 필요; 모든 뜻 포함 불필요"
"Q132","교과서 추출 후보","국어활동4-1_4단원.pdf","5","level1","마음","물건 을 팔고 싶은 마음만 있었다면 ‘팔자마트’가 되었을지도 모릅니다.","문맥에 따라 감정, 생각, 의지 따위의 뜻으로 쓰임","","","교과서 원문 정리 및 공식 사전 대조 필요; 모든 뜻 포함 불필요"
"Q134","교과서 추출 후보","국어활동4-1_4단원.pdf","6","level1","보다","사자 씨의 모습은 머리털을 휘날리는 커다란 사자처럼 보였습 니다.","문맥에 따라 눈으로 살피다, 경험하다, 판단하다 따위의 뜻으로 쓰임","","","교과서 원문 정리 및 공식 사전 대조 필요; 모든 뜻 포함 불필요"
"Q135","교과서 추출 후보","국어활동4-1_4단원.pdf","6","level1","머리","사자 씨의 모습은 머리털을 휘날리는 커다란 사자처럼 보였습 니다.","문맥에 따라 신체 일부, 생각하는 능력, 사물의 앞부분 따위의 뜻으로 쓰임","","","교과서 원문 정리 및 공식 사전 대조 필요; 모든 뜻 포함 불필요"
"Q139","교과서 추출 후보","국어활동4-1_4단원.pdf","7","level1","소리",": 남이 알아듣지 못하 도록 낮은 목소리로 자꾸 가만 가만 이야기하다.","문맥에 따라 들리는 음, 말, 의견 따위의 뜻으로 쓰임","","","교과서 원문 정리 및 공식 사전 대조 필요; 모든 뜻 포함 불필요"
"Q142","교과서 추출 후보","국어활동4-1_4단원.pdf","10","level1","불","5 전깃불이 꺼졌 을 때 사자 씨는 어떻게 했나요?","문맥에 따라 타는 불, 전깃불, 밝히는 빛 따위의 뜻으로 쓰임","","","교과서 원문 정리 및 공식 사전 대조 필요; 모든 뜻 포함 불필요"
"Q147","교과서 추출 후보","국어활동4-1_4단원.pdf","11","level1","보다","“자세히 보니까 잘 보여요.” 언니가 눈을 반짝이며 말했습니다.","문맥에 따라 눈으로 살피다, 경험하다, 판단하다 따위의 뜻으로 쓰임","","","교과서 원문 정리 및 공식 사전 대조 필요; 모든 뜻 포함 불필요"
"Q149","교과서 추출 후보","국어활동4-1_4단원.pdf","14","level1","길","“저, 초 좀 사려고요.” 길이 어두워서 멀리 못 가고 온 것입니다.","문맥에 따라 다니는 통로, 방법, 익숙해진 흔적 따위의 뜻으로 쓰임","","","교과서 원문 정리 및 공식 사전 대조 필요; 모든 뜻 포함 불필요"
"Q151","교과서 추출 후보","국어활동4-1_4단원.pdf","15","level1","마음","‘사자마트가 있어서 참 다행이야.’ 103동 아저씨는 뚫어뻥을 사고 답답한 마음도 뻥 뚫렸습니다.","문맥에 따라 감정, 생각, 의지 따위의 뜻으로 쓰임","","","교과서 원문 정리 및 공식 사전 대조 필요; 모든 뜻 포함 불필요"
"Q152","교과서 추출 후보","국어활동4-1_4단원.pdf","15","level2","밝다","‘사자마트가 있어서 참 다행이야.’ 103동 아저씨는 뚫어뻥을 사고 답답한 마음도 뻥 뚫렸습니다. ‘사자 씨는 덩치가 커서 무서운 것도 없는 줄 알았는데.’ 102동 아주머니는 초 한 봉지에 마음이 밝아졌습니다. 불이 켜지고 사자마트는 더 밝아졌습니다.","문맥에 따라 빛이 환하다, 마음이 명랑하다, 사실을 드러내다 따위의 뜻으로 쓰임","","","교과서 원문 정리 및 공식 사전 대조 필요; 모든 뜻 포함 불필요"
"Q153","교과서 추출 후보","국어활동4-1_4단원.pdf","15","level1","마음","‘사자 씨는 덩치가 커서 무서운 것도 없는 줄 알았는데.’ 102동 아주머니는 초 한 봉지에 마음이 밝아졌습니다.","문맥에 따라 감정, 생각, 의지 따위의 뜻으로 쓰임","","","교과서 원문 정리 및 공식 사전 대조 필요; 모든 뜻 포함 불필요"
"Q154","교과서 추출 후보","국어활동4-1_4단원.pdf","15","level2","밝다","‘사자 씨는 덩치가 커서 무서운 것도 없는 줄 알았는데.’ 102동 아주머니는 초 한 봉지에 마음이 밝아졌습니다. 불이 켜지고 사자마트는 더 밝아졌습니다. 갔을 리도 없는데.” “알다가도 모를 일이네.” 관리실 아저씨들이 주변을 둘러보았지만 저 멀리 지나가는 그림 자들은 보지 못했습니다.","문맥에 따라 빛이 환하다, 마음이 명랑하다, 사실을 드러내다 따위의 뜻으로 쓰임","","","교과서 원문 정리 및 공식 사전 대조 필요; 모든 뜻 포함 불필요"
"Q155","교과서 추출 후보","국어활동4-1_4단원.pdf","15","level1","불","불이 켜지고 사자마트는 더 밝아졌습니다.","문맥에 따라 타는 불, 전깃불, 밝히는 빛 따위의 뜻으로 쓰임","","","교과서 원문 정리 및 공식 사전 대조 필요; 모든 뜻 포함 불필요"
"Q156","교과서 추출 후보","국어활동4-1_4단원.pdf","15","level1","내리다","언니 고양이와 동생 고양이 발자국에 별빛이 내려앉았습니다.","문맥에 따라 아래로 움직이다, 결정을 하다, 상이나 벌을 주다 따위의 뜻으로 쓰임","","","교과서 원문 정리 및 공식 사전 대조 필요; 모든 뜻 포함 불필요"
"Q157","교과서 추출 후보","국어4-1가_1단원.pdf","6","level1","치다","바닷속에서 제일 큰 물고기 모양을 만들어서 말이야!” 헤엄이는 작은 빨간 물고기들에게 서로 바짝 붙어 자기 자리에서 헤엄치는 법을 알려 주었어.","문맥에 따라 두드리다, 줄을 만들다, 맞장구치다, 악기를 연주하다 따위의 뜻으로 쓰임","","","교과서 원문 정리 및 공식 사전 대조 필요; 모든 뜻 포함 불필요"
"Q159","교과서 추출 후보","국어4-1가_1단원.pdf","10","level1","쓰다","네가 진정 명필이라면 어둠 속에서도 글씨를 잘 쓸 수 있을 것이다.” 그리하여 어둠 속에서 석봉은 글씨를 쓰고, 어머니는 떡을 썰었습 니다.","문맥에 따라 글자를 적다, 사용하다, 힘이나 시간을 들이다 따위의 뜻으로 쓰임","","","교과서 원문 정리 및 공식 사전 대조 필요; 모든 뜻 포함 불필요"
"Q161","교과서 추출 후보","국어4-1가_1단원.pdf","15","level1","배","“끄응!” 그러자 미야의 배에서 새끼 기린이 쑥 나와 풀밭 위에 툭 떨어졌어요.","문맥에 따라 신체의 일부, 과일, 물 위의 운송 수단, 곱절 따위의 뜻으로 쓰임","","","교과서 원문 정리 및 공식 사전 대조 필요; 모든 뜻 포함 불필요"
"Q162","교과서 추출 후보","국어4-1가_1단원.pdf","17","level1","먹다","그 덕에 다른 기린들은 마음 놓고 나뭇잎을 뜯어 먹을 수 있게 되었어요.","문맥에 따라 음식을 섭취하다, 점수를 잃다, 마음을 정하다 따위의 뜻으로 쓰임","","","교과서 원문 정리 및 공식 사전 대조 필요; 모든 뜻 포함 불필요"
"Q164","교과서 추출 후보","국어4-1가_1단원.pdf","19","level1","풀다","“초원에는 말이야, 나같이 목 짧은 기린도 있다고.” “미처 몰랐어요.” “이제껏 네가 잡아 놓은 동물들 당장 풀어 줘.” “네네, 알았습니다.” 밀렵꾼은 굳게 약속했어요.","문맥에 따라 묶임을 없애다, 자유롭게 하다, 문제를 해결하다 따위의 뜻으로 쓰임","","","교과서 원문 정리 및 공식 사전 대조 필요; 모든 뜻 포함 불필요"
"Q165","교과서 추출 후보","국어4-1가_1단원.pdf","20","level2","걸다","지피가 우리를 구했어.” “지피가 해냈어!” 초원의 왕인 사자가 지피에게 말했어요. “지피에게 큰 상을 내리겠다!” 지피의 목에는 맛있는 과일 목걸이가 걸렸어요. “지피, 너는 비록 목이 짧지만 분명히 초원의 영웅이다!","문맥에 따라 매달다, 말을 시작하다, 전화하다, 시간이 필요하다 따위의 뜻으로 쓰임","","","교과서 원문 정리 및 공식 사전 대조 필요; 모든 뜻 포함 불필요"
"Q167","교과서 추출 후보","국어4-1가_1단원.pdf","30","level1","쓰다","특히 우리나라에서 가져간 밀이나 콩의 씨앗들이 그곳에서 귀중한 연구 자료로 쓰이고 있었지요.","문맥에 따라 글자를 적다, 사용하다, 힘이나 시간을 들이다 따위의 뜻으로 쓰임","","","교과서 원문 정리 및 공식 사전 대조 필요; 모든 뜻 포함 불필요"
"Q168","교과서 추출 후보","국어4-1가_1단원.pdf","31","level1","쓰다","전국의 논밭을 직접 돌아다니며 토종 씨앗을 찾고 모으는 일에 더 많은 시간을 쓰고 더 많은 힘을 기울였어요.","문맥에 따라 글자를 적다, 사용하다, 힘이나 시간을 들이다 따위의 뜻으로 쓰임","","","교과서 원문 정리 및 공식 사전 대조 필요; 모든 뜻 포함 불필요"
"Q169","교과서 추출 후보","국어4-1가_1단원.pdf","36","level1","쓰다","2 책의 차례를 보여 주거나 종이에 쓰고, 보여 줄 그림을 고른다.","문맥에 따라 글자를 적다, 사용하다, 힘이나 시간을 들이다 따위의 뜻으로 쓰임","","","교과서 원문 정리 및 공식 사전 대조 필요; 모든 뜻 포함 불필요"
"Q171","교과서 추출 후보","국어4-1가_3단원.pdf","3","level1","치다","학교 화단에서 여러 동물 과 식물 을 살펴보다가 거미줄을 치는 거 미를 발견하고 깜짝 놀랐다.","문맥에 따라 두드리다, 줄을 만들다, 맞장구치다, 악기를 연주하다 따위의 뜻으로 쓰임","","","교과서 원문 정리 및 공식 사전 대조 필요; 모든 뜻 포함 불필요"
"Q172","교과서 추출 후보","국어4-1가_3단원.pdf","13","level1","먹다","색깔이 변하는 사과 어제 아침을 먹고 나서 엄마께서 과일을 준비해 주셨다.","문맥에 따라 음식을 섭취하다, 점수를 잃다, 마음을 정하다 따위의 뜻으로 쓰임","","","교과서 원문 정리 및 공식 사전 대조 필요; 모든 뜻 포함 불필요"
"Q173","교과서 추출 후보","국어4-1가_3단원.pdf","13","level2","맡다","먼저 껍질을 깎은 사과 조각을 접시 위에 올려놓았다. 사과의 겉면도 만져 보고 냄새도 맡아 보았다. 사과의 모습을 사진으로 찍고, 관찰한 내용을 정리 했다.","문맥에 따라 담당하다, 보관하다, 냄새를 느끼다 따위의 뜻으로 쓰임","","","교과서 원문 정리 및 공식 사전 대조 필요; 모든 뜻 포함 불필요"
"Q174","교과서 추출 후보","국어활동4-1_1단원.pdf","8","level1","걸다","“나 초코우유 안 먹고 싶어.” 나는 앞만 보며 빨리 걸었다.","문맥에 따라 매달다, 말을 시작하다, 전화하다, 시간이 필요하다 따위의 뜻으로 쓰임","","","교과서 원문 정리 및 공식 사전 대조 필요; 모든 뜻 포함 불필요"
"Q175","교과서 추출 후보","국어활동4-1_1단원.pdf","9","level1","걸다","내 험담을 하다가 걸렸는데, 미안하단 말 하나 없이 이걸로 끝 이니?","문맥에 따라 매달다, 말을 시작하다, 전화하다, 시간이 필요하다 따위의 뜻으로 쓰임","","","교과서 원문 정리 및 공식 사전 대조 필요; 모든 뜻 포함 불필요"
"Q176","교과서 추출 후보","국어활동4-1_1단원.pdf","10","level1","걸다","나한테 편하게 말을 걸고, 농담을 건네고, 연습할 때 조언도 해 주었다.","문맥에 따라 매달다, 말을 시작하다, 전화하다, 시간이 필요하다 따위의 뜻으로 쓰임","","","교과서 원문 정리 및 공식 사전 대조 필요; 모든 뜻 포함 불필요"
"Q177","교과서 추출 후보","국어활동4-1_1단원.pdf","10","level1","용기","제대로 사과하라고 말할 용기도 없었고, 지유랑 다시 싸우고 싶지도 않았다.","문맥에 따라 그릇, 씩씩한 기운으로 쓰임","","","교과서 원문 정리 및 공식 사전 대조 필요; 모든 뜻 포함 불필요"
"Q178","교과서 추출 후보","국어활동4-1_1단원.pdf","13","level2","걸다","보건실에서 응급 처치를 받았지만 발목 이 점점 더 부어올랐다. 병원에 가야 하는데 지유네 엄마가 회사 에서 오려면 한 시간이 넘게 걸린다고 했다. 지유는 보건실 침대 에 누워서 엄마를 기다려야 했다.","문맥에 따라 매달다, 말을 시작하다, 전화하다, 시간이 필요하다 따위의 뜻으로 쓰임","","","교과서 원문 정리 및 공식 사전 대조 필요; 모든 뜻 포함 불필요"
"Q181","교과서 추출 후보","국어활동4-1_1단원.pdf","15","level1","용기","용기를 내, 전예은!’ 어떤 말부터 해야 할지 몰랐지만 무작정 지유를 불렀다.","문맥에 따라 그릇, 씩씩한 기운으로 쓰임","","","교과서 원문 정리 및 공식 사전 대조 필요; 모든 뜻 포함 불필요"
"Q182","교과서 추출 후보","국어활동4-1_1단원.pdf","15","level1","용기","너 뭐 해?” 지유 웃음에 용기가 생겼다.","문맥에 따라 그릇, 씩씩한 기운으로 쓰임","","","교과서 원문 정리 및 공식 사전 대조 필요; 모든 뜻 포함 불필요"
"Q183","교과서 추출 후보","국어활동4-1_2단원.pdf","6","level1","맡다","국민의례에 이어 부 별 반성 시간이 되자 회장인 진영이가 회의를 맡아 진행하기 시작 했다.","문맥에 따라 담당하다, 보관하다, 냄새를 느끼다 따위의 뜻으로 쓰임","","","교과서 원문 정리 및 공식 사전 대조 필요; 모든 뜻 포함 불필요"
"Q185","교과서 추출 후보","국어활동4-1_2단원.pdf","9","level1","치다","“울타리에 담쟁이넝쿨도 있으면 멋지겠다.” “빨간색 덩굴장미도 올리고.” 미주가 맞장구를 쳤다.","문맥에 따라 두드리다, 줄을 만들다, 맞장구치다, 악기를 연주하다 따위의 뜻으로 쓰임","","","교과서 원문 정리 및 공식 사전 대조 필요; 모든 뜻 포함 불필요"
"Q186","교과서 추출 후보","국어활동4-1_2단원.pdf","10","level1","눈","잖아.” 삼총사는 안타까운 눈으로 남자아이들을 쳐다보았다.","문맥에 따라 보는 기관, 보는 능력, 눈길 따위의 뜻으로 쓰임","","","교과서 원문 정리 및 공식 사전 대조 필요; 모든 뜻 포함 불필요"
"Q187","교과서 추출 후보","국어활동4-1_2단원.pdf","11","level2","저녁","벌 잡기 금지 방송을 하려고 했던 일은 그렇게 싱겁게 막을 내리고 말았다. 사흘 후, 저녁이 되자 때아닌 폭우가 쏟아지더니 밤새 쉬지 않 고 내렸다. 다행히 아침이 되자 잦아지면서 그쳤지만 일부 지역에 서는 강한 바람까지 동반한 폭우가 계속되고 있다고 했다.","문맥에 따라 시간대, 저녁에 먹는 끼니로 쓰임","","","교과서 원문 정리 및 공식 사전 대조 필요; 모든 뜻 포함 불필요"
"Q188","교과서 추출 후보","국어활동4-1_2단원.pdf","11","level1","저녁","그날 저녁, 텔레비전을 켜자 비 피해 소식이 들려왔다.","문맥에 따라 시간대, 저녁에 먹는 끼니로 쓰임","","","교과서 원문 정리 및 공식 사전 대조 필요; 모든 뜻 포함 불필요"
"Q189","교과서 추출 후보","국어활동4-1_2단원.pdf","14","level1","열다","들과 담당 선생님이 보는 앞에서 모금함을 열었다.","문맥에 따라 문을 열다, 말을 시작하다, 회의나 행사를 시작하다 따위의 뜻으로 쓰임","","","교과서 원문 정리 및 공식 사전 대조 필요; 모든 뜻 포함 불필요"
"Q190","교과서 추출 후보","국어활동4-1_3단원.pdf","2","level1","모자","‘벗다’와 뜻이 반대인 낱말에는 ‘(옷을) 입다’뿐만 아니라 ‘(모자를) 쓰다’, ‘(신발을) 신다’도 있어요.","문맥에 따라 머리에 쓰는 물건, 어머니와 아들로 쓰임","","","교과서 원문 정리 및 공식 사전 대조 필요; 모든 뜻 포함 불필요"
"Q191","교과서 추출 후보","국어활동4-1_3단원.pdf","7","level1","풀다","“우리 할머니가 그러는데 병아리가 건강하게 태어나려면…….” 민주가 주말 동안 시골에 계신 할머니께 들은 이야기를 풀어놓기 시작했다.","문맥에 따라 묶임을 없애다, 자유롭게 하다, 문제를 해결하다 따위의 뜻으로 쓰임","","","교과서 원문 정리 및 공식 사전 대조 필요; 모든 뜻 포함 불필요"
"Q193","교과서 추출 후보","국어활동4-1_3단원.pdf","9","level1","열다","선생님은 부화기의 뚜껑을 열어젖히며 말했다.","문맥에 따라 문을 열다, 말을 시작하다, 회의나 행사를 시작하다 따위의 뜻으로 쓰임","","","교과서 원문 정리 및 공식 사전 대조 필요; 모든 뜻 포함 불필요"
"Q194","교과서 추출 후보","국어활동4-1_3단원.pdf","11","level1","열다","‘분명히 병아리 소리야.’ 연지는 조심스레 부화기 뚜껑을 열고 달걀들을 살펴보았다.","문맥에 따라 문을 열다, 말을 시작하다, 회의나 행사를 시작하다 따위의 뜻으로 쓰임","","","교과서 원문 정리 및 공식 사전 대조 필요; 모든 뜻 포함 불필요"
"Q195","교과서 추출 후보","국어활동4-1_3단원.pdf","11","level1","열다","“드르르륵.” 그때 경태가 교실 뒷문을 열고 들어왔다.","문맥에 따라 문을 열다, 말을 시작하다, 회의나 행사를 시작하다 따위의 뜻으로 쓰임","","","교과서 원문 정리 및 공식 사전 대조 필요; 모든 뜻 포함 불필요"
"Q197","교과서 추출 후보","국어활동4-1_3단원.pdf","14","level1","열다","선생님이 성호의 달걀을 다시 부화기에 넣으려고 뚜껑을 열었을 때였다.","문맥에 따라 문을 열다, 말을 시작하다, 회의나 행사를 시작하다 따위의 뜻으로 쓰임","","","교과서 원문 정리 및 공식 사전 대조 필요; 모든 뜻 포함 불필요"
"Q199","교과서 추출 후보","국어활동4-1_3단원.pdf","17","level2","눈","가슴이 오르락내리락하는 병아리는 마치 갓 태 어난 아기처럼 귀여웠다. “경태야, 병아리 이름 지었니?” 연지가 부러운 눈으로 경태를 바라보며 물었다. 이제 연지는 경 태에게 말을 거는 게 어렵지 않았다.","문맥에 따라 보는 기관, 보는 능력, 눈길 따위의 뜻으로 쓰임","","","교과서 원문 정리 및 공식 사전 대조 필요; 모든 뜻 포함 불필요"
"Q201","다른 뜻 기반 창작 문항","","","level1","맡다","이번 축제에서 나는 안내하는 일을 맡았다.","어떤 일에 대한 책임을 지고 담당하다.","[""어떤 일에 대한 책임을 지고 담당하다."",""어떤 물건을 받아 보관하다."",""주문이나 부탁 따위를 받다."",""코로 냄새를 느끼다."",""자리나 물건 따위를 차지해 두다.""]","[{""headword"":""맡다1"",""senses"":[""어떤 일에 대한 책임을 지고 담당하다."",""어떤 물건을 받아 보관하다."",""주문이나 부탁 따위를 받다."",""자리나 물건 따위를 차지해 두다.""]},{""headword"":""맡다2"",""senses"":[""코로 냄새를 느끼다.""]}]","수업 적합 뜻 선별; 창작 예문 및 뜻풀이 공식 사전 대조 필요"
"Q202","다른 뜻 기반 창작 문항","","","level1","맡다","우리 모둠은 역할을 나누었고, 나는 발표를 맡았다.","어떤 일에 대한 책임을 지고 담당하다.","[""어떤 일에 대한 책임을 지고 담당하다."",""어떤 물건을 받아 보관하다."",""주문이나 부탁 따위를 받다."",""코로 냄새를 느끼다."",""자리나 물건 따위를 차지해 두다.""]","[{""headword"":""맡다1"",""senses"":[""어떤 일에 대한 책임을 지고 담당하다."",""어떤 물건을 받아 보관하다."",""주문이나 부탁 따위를 받다."",""자리나 물건 따위를 차지해 두다.""]},{""headword"":""맡다2"",""senses"":[""코로 냄새를 느끼다.""]}]","수업 적합 뜻 선별; 창작 예문 및 뜻풀이 공식 사전 대조 필요"
"Q203","다른 뜻 기반 창작 문항","","","level1","맡다","수아는 학급 도서 정리를 맡아 매주 책장을 살폈다.","어떤 일에 대한 책임을 지고 담당하다.","[""어떤 일에 대한 책임을 지고 담당하다."",""어떤 물건을 받아 보관하다."",""주문이나 부탁 따위를 받다."",""코로 냄새를 느끼다."",""자리나 물건 따위를 차지해 두다.""]","[{""headword"":""맡다1"",""senses"":[""어떤 일에 대한 책임을 지고 담당하다."",""어떤 물건을 받아 보관하다."",""주문이나 부탁 따위를 받다."",""자리나 물건 따위를 차지해 두다.""]},{""headword"":""맡다2"",""senses"":[""코로 냄새를 느끼다.""]}]","수업 적합 뜻 선별; 창작 예문 및 뜻풀이 공식 사전 대조 필요"
"Q204","다른 뜻 기반 창작 문항","","","level1","맡다","선생님께서는 체육 시간 동안 휴대 전화를 맡아 주셨다.","어떤 물건을 받아 보관하다.","[""어떤 일에 대한 책임을 지고 담당하다."",""어떤 물건을 받아 보관하다."",""주문이나 부탁 따위를 받다."",""코로 냄새를 느끼다."",""자리나 물건 따위를 차지해 두다.""]","[{""headword"":""맡다1"",""senses"":[""어떤 일에 대한 책임을 지고 담당하다."",""어떤 물건을 받아 보관하다."",""주문이나 부탁 따위를 받다."",""자리나 물건 따위를 차지해 두다.""]},{""headword"":""맡다2"",""senses"":[""코로 냄새를 느끼다.""]}]","수업 적합 뜻 선별; 창작 예문 및 뜻풀이 공식 사전 대조 필요"
"Q205","다른 뜻 기반 창작 문항","","","level1","맡다","나는 여행을 간 이웃의 화분을 잠시 맡았다.","어떤 물건을 받아 보관하다.","[""어떤 일에 대한 책임을 지고 담당하다."",""어떤 물건을 받아 보관하다."",""주문이나 부탁 따위를 받다."",""코로 냄새를 느끼다."",""자리나 물건 따위를 차지해 두다.""]","[{""headword"":""맡다1"",""senses"":[""어떤 일에 대한 책임을 지고 담당하다."",""어떤 물건을 받아 보관하다."",""주문이나 부탁 따위를 받다."",""자리나 물건 따위를 차지해 두다.""]},{""headword"":""맡다2"",""senses"":[""코로 냄새를 느끼다.""]}]","수업 적합 뜻 선별; 창작 예문 및 뜻풀이 공식 사전 대조 필요"
"Q206","다른 뜻 기반 창작 문항","","","level1","맡다","형은 동생의 가방을 맡아 두고 운동장으로 갔다.","어떤 물건을 받아 보관하다.","[""어떤 일에 대한 책임을 지고 담당하다."",""어떤 물건을 받아 보관하다."",""주문이나 부탁 따위를 받다."",""코로 냄새를 느끼다."",""자리나 물건 따위를 차지해 두다.""]","[{""headword"":""맡다1"",""senses"":[""어떤 일에 대한 책임을 지고 담당하다."",""어떤 물건을 받아 보관하다."",""주문이나 부탁 따위를 받다."",""자리나 물건 따위를 차지해 두다.""]},{""headword"":""맡다2"",""senses"":[""코로 냄새를 느끼다.""]}]","수업 적합 뜻 선별; 창작 예문 및 뜻풀이 공식 사전 대조 필요"
"Q207","다른 뜻 기반 창작 문항","","","level1","맡다","빵집에서는 생일 케이크 주문을 맡았다.","주문이나 부탁 따위를 받다.","[""어떤 일에 대한 책임을 지고 담당하다."",""어떤 물건을 받아 보관하다."",""주문이나 부탁 따위를 받다."",""코로 냄새를 느끼다."",""자리나 물건 따위를 차지해 두다.""]","[{""headword"":""맡다1"",""senses"":[""어떤 일에 대한 책임을 지고 담당하다."",""어떤 물건을 받아 보관하다."",""주문이나 부탁 따위를 받다."",""자리나 물건 따위를 차지해 두다.""]},{""headword"":""맡다2"",""senses"":[""코로 냄새를 느끼다.""]}]","수업 적합 뜻 선별; 창작 예문 및 뜻풀이 공식 사전 대조 필요"
"Q208","다른 뜻 기반 창작 문항","","","level1","맡다","수선집 주인은 바지 길이를 줄여 달라는 부탁을 맡았다.","주문이나 부탁 따위를 받다.","[""어떤 일에 대한 책임을 지고 담당하다."",""어떤 물건을 받아 보관하다."",""주문이나 부탁 따위를 받다."",""코로 냄새를 느끼다."",""자리나 물건 따위를 차지해 두다.""]","[{""headword"":""맡다1"",""senses"":[""어떤 일에 대한 책임을 지고 담당하다."",""어떤 물건을 받아 보관하다."",""주문이나 부탁 따위를 받다."",""자리나 물건 따위를 차지해 두다.""]},{""headword"":""맡다2"",""senses"":[""코로 냄새를 느끼다.""]}]","수업 적합 뜻 선별; 창작 예문 및 뜻풀이 공식 사전 대조 필요"
"Q209","다른 뜻 기반 창작 문항","","","level1","맡다","인쇄소에서 우리 반 신문 제작을 맡아 주기로 했다.","주문이나 부탁 따위를 받다.","[""어떤 일에 대한 책임을 지고 담당하다."",""어떤 물건을 받아 보관하다."",""주문이나 부탁 따위를 받다."",""코로 냄새를 느끼다."",""자리나 물건 따위를 차지해 두다.""]","[{""headword"":""맡다1"",""senses"":[""어떤 일에 대한 책임을 지고 담당하다."",""어떤 물건을 받아 보관하다."",""주문이나 부탁 따위를 받다."",""자리나 물건 따위를 차지해 두다.""]},{""headword"":""맡다2"",""senses"":[""코로 냄새를 느끼다.""]}]","수업 적합 뜻 선별; 창작 예문 및 뜻풀이 공식 사전 대조 필요"
"Q210","다른 뜻 기반 창작 문항","","","level1","맡다","나는 꽃다발에 코를 가까이 대고 향기를 맡았다.","코로 냄새를 느끼다.","[""어떤 일에 대한 책임을 지고 담당하다."",""어떤 물건을 받아 보관하다."",""주문이나 부탁 따위를 받다."",""코로 냄새를 느끼다."",""자리나 물건 따위를 차지해 두다.""]","[{""headword"":""맡다1"",""senses"":[""어떤 일에 대한 책임을 지고 담당하다."",""어떤 물건을 받아 보관하다."",""주문이나 부탁 따위를 받다."",""자리나 물건 따위를 차지해 두다.""]},{""headword"":""맡다2"",""senses"":[""코로 냄새를 느끼다.""]}]","수업 적합 뜻 선별; 창작 예문 및 뜻풀이 공식 사전 대조 필요"
"Q211","다른 뜻 기반 창작 문항","","","level1","맡다","강아지는 땅의 냄새를 맡으며 천천히 걸었다.","코로 냄새를 느끼다.","[""어떤 일에 대한 책임을 지고 담당하다."",""어떤 물건을 받아 보관하다."",""주문이나 부탁 따위를 받다."",""코로 냄새를 느끼다."",""자리나 물건 따위를 차지해 두다.""]","[{""headword"":""맡다1"",""senses"":[""어떤 일에 대한 책임을 지고 담당하다."",""어떤 물건을 받아 보관하다."",""주문이나 부탁 따위를 받다."",""자리나 물건 따위를 차지해 두다.""]},{""headword"":""맡다2"",""senses"":[""코로 냄새를 느끼다.""]}]","수업 적합 뜻 선별; 창작 예문 및 뜻풀이 공식 사전 대조 필요"
"Q212","다른 뜻 기반 창작 문항","","","level1","맡다","주방에서 구수한 된장국 냄새를 맡으니 배가 고팠다.","코로 냄새를 느끼다.","[""어떤 일에 대한 책임을 지고 담당하다."",""어떤 물건을 받아 보관하다."",""주문이나 부탁 따위를 받다."",""코로 냄새를 느끼다."",""자리나 물건 따위를 차지해 두다.""]","[{""headword"":""맡다1"",""senses"":[""어떤 일에 대한 책임을 지고 담당하다."",""어떤 물건을 받아 보관하다."",""주문이나 부탁 따위를 받다."",""자리나 물건 따위를 차지해 두다.""]},{""headword"":""맡다2"",""senses"":[""코로 냄새를 느끼다.""]}]","수업 적합 뜻 선별; 창작 예문 및 뜻풀이 공식 사전 대조 필요"
"Q213","다른 뜻 기반 창작 문항","","","level1","맡다","나는 친구가 올 때까지 옆자리를 맡아 두었다.","자리나 물건 따위를 차지해 두다.","[""어떤 일에 대한 책임을 지고 담당하다."",""어떤 물건을 받아 보관하다."",""주문이나 부탁 따위를 받다."",""코로 냄새를 느끼다."",""자리나 물건 따위를 차지해 두다.""]","[{""headword"":""맡다1"",""senses"":[""어떤 일에 대한 책임을 지고 담당하다."",""어떤 물건을 받아 보관하다."",""주문이나 부탁 따위를 받다."",""자리나 물건 따위를 차지해 두다.""]},{""headword"":""맡다2"",""senses"":[""코로 냄새를 느끼다.""]}]","수업 적합 뜻 선별; 창작 예문 및 뜻풀이 공식 사전 대조 필요"
"Q214","다른 뜻 기반 창작 문항","","","level1","맡다","민준이는 창가 쪽 자리를 맡고 친구를 기다렸다.","자리나 물건 따위를 차지해 두다.","[""어떤 일에 대한 책임을 지고 담당하다."",""어떤 물건을 받아 보관하다."",""주문이나 부탁 따위를 받다."",""코로 냄새를 느끼다."",""자리나 물건 따위를 차지해 두다.""]","[{""headword"":""맡다1"",""senses"":[""어떤 일에 대한 책임을 지고 담당하다."",""어떤 물건을 받아 보관하다."",""주문이나 부탁 따위를 받다."",""자리나 물건 따위를 차지해 두다.""]},{""headword"":""맡다2"",""senses"":[""코로 냄새를 느끼다.""]}]","수업 적합 뜻 선별; 창작 예문 및 뜻풀이 공식 사전 대조 필요"
"Q215","다른 뜻 기반 창작 문항","","","level1","맡다","가방으로 자리를 맡는 행동은 다른 사람에게 불편을 줄 수 있다.","자리나 물건 따위를 차지해 두다.","[""어떤 일에 대한 책임을 지고 담당하다."",""어떤 물건을 받아 보관하다."",""주문이나 부탁 따위를 받다."",""코로 냄새를 느끼다."",""자리나 물건 따위를 차지해 두다.""]","[{""headword"":""맡다1"",""senses"":[""어떤 일에 대한 책임을 지고 담당하다."",""어떤 물건을 받아 보관하다."",""주문이나 부탁 따위를 받다."",""자리나 물건 따위를 차지해 두다.""]},{""headword"":""맡다2"",""senses"":[""코로 냄새를 느끼다.""]}]","수업 적합 뜻 선별; 창작 예문 및 뜻풀이 공식 사전 대조 필요"
"Q216","다른 뜻 기반 창작 문항","","","level1","차다","운동장은 응원하는 사람들로 가득 찼다.","일정한 공간에 사람이나 물건이 가득하게 되다.","[""일정한 공간에 사람이나 물건이 가득하게 되다."",""발로 내어 지르거나 받아 올리다."",""몸에 어떤 물건을 달거나 지니다."",""몸에 닿는 물체나 대기의 온도가 낮다."",""일정한 기간이나 때가 다 되다.""]","[{""headword"":""차다1"",""senses"":[""일정한 공간에 사람이나 물건이 가득하게 되다."",""일정한 기간이나 때가 다 되다.""]},{""headword"":""차다2"",""senses"":[""발로 내어 지르거나 받아 올리다.""]},{""headword"":""차다3"",""senses"":[""몸에 어떤 물건을 달거나 지니다.""]},{""headword"":""차다4"",""senses"":[""몸에 닿는 물체나 대기의 온도가 낮다.""]}]","수업 적합 뜻 선별; 창작 예문 및 뜻풀이 공식 사전 대조 필요"
"Q217","다른 뜻 기반 창작 문항","","","level1","차다","상자 안에 장난감이 차서 뚜껑이 닫히지 않았다.","일정한 공간에 사람이나 물건이 가득하게 되다.","[""일정한 공간에 사람이나 물건이 가득하게 되다."",""발로 내어 지르거나 받아 올리다."",""몸에 어떤 물건을 달거나 지니다."",""몸에 닿는 물체나 대기의 온도가 낮다."",""일정한 기간이나 때가 다 되다.""]","[{""headword"":""차다1"",""senses"":[""일정한 공간에 사람이나 물건이 가득하게 되다."",""일정한 기간이나 때가 다 되다.""]},{""headword"":""차다2"",""senses"":[""발로 내어 지르거나 받아 올리다.""]},{""headword"":""차다3"",""senses"":[""몸에 어떤 물건을 달거나 지니다.""]},{""headword"":""차다4"",""senses"":[""몸에 닿는 물체나 대기의 온도가 낮다.""]}]","수업 적합 뜻 선별; 창작 예문 및 뜻풀이 공식 사전 대조 필요"
"Q218","다른 뜻 기반 창작 문항","","","level1","차다","비가 많이 내려 저수지에 물이 찼다.","일정한 공간에 사람이나 물건이 가득하게 되다.","[""일정한 공간에 사람이나 물건이 가득하게 되다."",""발로 내어 지르거나 받아 올리다."",""몸에 어떤 물건을 달거나 지니다."",""몸에 닿는 물체나 대기의 온도가 낮다."",""일정한 기간이나 때가 다 되다.""]","[{""headword"":""차다1"",""senses"":[""일정한 공간에 사람이나 물건이 가득하게 되다."",""일정한 기간이나 때가 다 되다.""]},{""headword"":""차다2"",""senses"":[""발로 내어 지르거나 받아 올리다.""]},{""headword"":""차다3"",""senses"":[""몸에 어떤 물건을 달거나 지니다.""]},{""headword"":""차다4"",""senses"":[""몸에 닿는 물체나 대기의 온도가 낮다.""]}]","수업 적합 뜻 선별; 창작 예문 및 뜻풀이 공식 사전 대조 필요"
"Q219","다른 뜻 기반 창작 문항","","","level1","차다","지호는 골대를 향해 힘껏 공을 찼다.","발로 내어 지르거나 받아 올리다.","[""일정한 공간에 사람이나 물건이 가득하게 되다."",""발로 내어 지르거나 받아 올리다."",""몸에 어떤 물건을 달거나 지니다."",""몸에 닿는 물체나 대기의 온도가 낮다."",""일정한 기간이나 때가 다 되다.""]","[{""headword"":""차다1"",""senses"":[""일정한 공간에 사람이나 물건이 가득하게 되다."",""일정한 기간이나 때가 다 되다.""]},{""headword"":""차다2"",""senses"":[""발로 내어 지르거나 받아 올리다.""]},{""headword"":""차다3"",""senses"":[""몸에 어떤 물건을 달거나 지니다.""]},{""headword"":""차다4"",""senses"":[""몸에 닿는 물체나 대기의 온도가 낮다.""]}]","수업 적합 뜻 선별; 창작 예문 및 뜻풀이 공식 사전 대조 필요"
"Q220","다른 뜻 기반 창작 문항","","","level1","차다","아이들은 운동장에서 제기를 차며 놀았다.","발로 내어 지르거나 받아 올리다.","[""일정한 공간에 사람이나 물건이 가득하게 되다."",""발로 내어 지르거나 받아 올리다."",""몸에 어떤 물건을 달거나 지니다."",""몸에 닿는 물체나 대기의 온도가 낮다."",""일정한 기간이나 때가 다 되다.""]","[{""headword"":""차다1"",""senses"":[""일정한 공간에 사람이나 물건이 가득하게 되다."",""일정한 기간이나 때가 다 되다.""]},{""headword"":""차다2"",""senses"":[""발로 내어 지르거나 받아 올리다.""]},{""headword"":""차다3"",""senses"":[""몸에 어떤 물건을 달거나 지니다.""]},{""headword"":""차다4"",""senses"":[""몸에 닿는 물체나 대기의 온도가 낮다.""]}]","수업 적합 뜻 선별; 창작 예문 및 뜻풀이 공식 사전 대조 필요"
"Q221","다른 뜻 기반 창작 문항","","","level1","차다","선수가 날아오는 공을 정확하게 차서 멀리 보냈다.","발로 내어 지르거나 받아 올리다.","[""일정한 공간에 사람이나 물건이 가득하게 되다."",""발로 내어 지르거나 받아 올리다."",""몸에 어떤 물건을 달거나 지니다."",""몸에 닿는 물체나 대기의 온도가 낮다."",""일정한 기간이나 때가 다 되다.""]","[{""headword"":""차다1"",""senses"":[""일정한 공간에 사람이나 물건이 가득하게 되다."",""일정한 기간이나 때가 다 되다.""]},{""headword"":""차다2"",""senses"":[""발로 내어 지르거나 받아 올리다.""]},{""headword"":""차다3"",""senses"":[""몸에 어떤 물건을 달거나 지니다.""]},{""headword"":""차다4"",""senses"":[""몸에 닿는 물체나 대기의 온도가 낮다.""]}]","수업 적합 뜻 선별; 창작 예문 및 뜻풀이 공식 사전 대조 필요"
"Q222","다른 뜻 기반 창작 문항","","","level1","차다","나는 외출하기 전에 손목에 시계를 찼다.","몸에 어떤 물건을 달거나 지니다.","[""일정한 공간에 사람이나 물건이 가득하게 되다."",""발로 내어 지르거나 받아 올리다."",""몸에 어떤 물건을 달거나 지니다."",""몸에 닿는 물체나 대기의 온도가 낮다."",""일정한 기간이나 때가 다 되다.""]","[{""headword"":""차다1"",""senses"":[""일정한 공간에 사람이나 물건이 가득하게 되다."",""일정한 기간이나 때가 다 되다.""]},{""headword"":""차다2"",""senses"":[""발로 내어 지르거나 받아 올리다.""]},{""headword"":""차다3"",""senses"":[""몸에 어떤 물건을 달거나 지니다.""]},{""headword"":""차다4"",""senses"":[""몸에 닿는 물체나 대기의 온도가 낮다.""]}]","수업 적합 뜻 선별; 창작 예문 및 뜻풀이 공식 사전 대조 필요"
"Q223","다른 뜻 기반 창작 문항","","","level1","차다","옛 장수는 허리에 칼을 차고 성문을 지켰다.","몸에 어떤 물건을 달거나 지니다.","[""일정한 공간에 사람이나 물건이 가득하게 되다."",""발로 내어 지르거나 받아 올리다."",""몸에 어떤 물건을 달거나 지니다."",""몸에 닿는 물체나 대기의 온도가 낮다."",""일정한 기간이나 때가 다 되다.""]","[{""headword"":""차다1"",""senses"":[""일정한 공간에 사람이나 물건이 가득하게 되다."",""일정한 기간이나 때가 다 되다.""]},{""headword"":""차다2"",""senses"":[""발로 내어 지르거나 받아 올리다.""]},{""headword"":""차다3"",""senses"":[""몸에 어떤 물건을 달거나 지니다.""]},{""headword"":""차다4"",""senses"":[""몸에 닿는 물체나 대기의 온도가 낮다.""]}]","수업 적합 뜻 선별; 창작 예문 및 뜻풀이 공식 사전 대조 필요"
"Q224","다른 뜻 기반 창작 문항","","","level1","차다","등산객은 허리에 작은 물병을 차고 산을 올랐다.","몸에 어떤 물건을 달거나 지니다.","[""일정한 공간에 사람이나 물건이 가득하게 되다."",""발로 내어 지르거나 받아 올리다."",""몸에 어떤 물건을 달거나 지니다."",""몸에 닿는 물체나 대기의 온도가 낮다."",""일정한 기간이나 때가 다 되다.""]","[{""headword"":""차다1"",""senses"":[""일정한 공간에 사람이나 물건이 가득하게 되다."",""일정한 기간이나 때가 다 되다.""]},{""headword"":""차다2"",""senses"":[""발로 내어 지르거나 받아 올리다.""]},{""headword"":""차다3"",""senses"":[""몸에 어떤 물건을 달거나 지니다.""]},{""headword"":""차다4"",""senses"":[""몸에 닿는 물체나 대기의 온도가 낮다.""]}]","수업 적합 뜻 선별; 창작 예문 및 뜻풀이 공식 사전 대조 필요"
"Q225","다른 뜻 기반 창작 문항","","","level1","차다","계곡물에 손을 담그니 무척 찼다.","몸에 닿는 물체나 대기의 온도가 낮다.","[""일정한 공간에 사람이나 물건이 가득하게 되다."",""발로 내어 지르거나 받아 올리다."",""몸에 어떤 물건을 달거나 지니다."",""몸에 닿는 물체나 대기의 온도가 낮다."",""일정한 기간이나 때가 다 되다.""]","[{""headword"":""차다1"",""senses"":[""일정한 공간에 사람이나 물건이 가득하게 되다."",""일정한 기간이나 때가 다 되다.""]},{""headword"":""차다2"",""senses"":[""발로 내어 지르거나 받아 올리다.""]},{""headword"":""차다3"",""senses"":[""몸에 어떤 물건을 달거나 지니다.""]},{""headword"":""차다4"",""senses"":[""몸에 닿는 물체나 대기의 온도가 낮다.""]}]","수업 적합 뜻 선별; 창작 예문 및 뜻풀이 공식 사전 대조 필요"
"Q226","다른 뜻 기반 창작 문항","","","level1","차다","아침 바람이 차서 목도리를 둘렀다.","몸에 닿는 물체나 대기의 온도가 낮다.","[""일정한 공간에 사람이나 물건이 가득하게 되다."",""발로 내어 지르거나 받아 올리다."",""몸에 어떤 물건을 달거나 지니다."",""몸에 닿는 물체나 대기의 온도가 낮다."",""일정한 기간이나 때가 다 되다.""]","[{""headword"":""차다1"",""senses"":[""일정한 공간에 사람이나 물건이 가득하게 되다."",""일정한 기간이나 때가 다 되다.""]},{""headword"":""차다2"",""senses"":[""발로 내어 지르거나 받아 올리다.""]},{""headword"":""차다3"",""senses"":[""몸에 어떤 물건을 달거나 지니다.""]},{""headword"":""차다4"",""senses"":[""몸에 닿는 물체나 대기의 온도가 낮다.""]}]","수업 적합 뜻 선별; 창작 예문 및 뜻풀이 공식 사전 대조 필요"
"Q227","다른 뜻 기반 창작 문항","","","level1","차다","냉장고에서 꺼낸 수박은 아직 차다.","몸에 닿는 물체나 대기의 온도가 낮다.","[""일정한 공간에 사람이나 물건이 가득하게 되다."",""발로 내어 지르거나 받아 올리다."",""몸에 어떤 물건을 달거나 지니다."",""몸에 닿는 물체나 대기의 온도가 낮다."",""일정한 기간이나 때가 다 되다.""]","[{""headword"":""차다1"",""senses"":[""일정한 공간에 사람이나 물건이 가득하게 되다."",""일정한 기간이나 때가 다 되다.""]},{""headword"":""차다2"",""senses"":[""발로 내어 지르거나 받아 올리다.""]},{""headword"":""차다3"",""senses"":[""몸에 어떤 물건을 달거나 지니다.""]},{""headword"":""차다4"",""senses"":[""몸에 닿는 물체나 대기의 온도가 낮다.""]}]","수업 적합 뜻 선별; 창작 예문 및 뜻풀이 공식 사전 대조 필요"
"Q228","다른 뜻 기반 창작 문항","","","level1","차다","약속한 시간이 차서 우리는 교실로 돌아왔다.","일정한 기간이나 때가 다 되다.","[""일정한 공간에 사람이나 물건이 가득하게 되다."",""발로 내어 지르거나 받아 올리다."",""몸에 어떤 물건을 달거나 지니다."",""몸에 닿는 물체나 대기의 온도가 낮다."",""일정한 기간이나 때가 다 되다.""]","[{""headword"":""차다1"",""senses"":[""일정한 공간에 사람이나 물건이 가득하게 되다."",""일정한 기간이나 때가 다 되다.""]},{""headword"":""차다2"",""senses"":[""발로 내어 지르거나 받아 올리다.""]},{""headword"":""차다3"",""senses"":[""몸에 어떤 물건을 달거나 지니다.""]},{""headword"":""차다4"",""senses"":[""몸에 닿는 물체나 대기의 온도가 낮다.""]}]","수업 적합 뜻 선별; 창작 예문 및 뜻풀이 공식 사전 대조 필요"
"Q229","다른 뜻 기반 창작 문항","","","level1","차다","대여 기간이 차서 도서관에 책을 반납했다.","일정한 기간이나 때가 다 되다.","[""일정한 공간에 사람이나 물건이 가득하게 되다."",""발로 내어 지르거나 받아 올리다."",""몸에 어떤 물건을 달거나 지니다."",""몸에 닿는 물체나 대기의 온도가 낮다."",""일정한 기간이나 때가 다 되다.""]","[{""headword"":""차다1"",""senses"":[""일정한 공간에 사람이나 물건이 가득하게 되다."",""일정한 기간이나 때가 다 되다.""]},{""headword"":""차다2"",""senses"":[""발로 내어 지르거나 받아 올리다.""]},{""headword"":""차다3"",""senses"":[""몸에 어떤 물건을 달거나 지니다.""]},{""headword"":""차다4"",""senses"":[""몸에 닿는 물체나 대기의 온도가 낮다.""]}]","수업 적합 뜻 선별; 창작 예문 및 뜻풀이 공식 사전 대조 필요"
"Q230","다른 뜻 기반 창작 문항","","","level1","차다","신청 기한이 차서 더 이상 접수할 수 없었다.","일정한 기간이나 때가 다 되다.","[""일정한 공간에 사람이나 물건이 가득하게 되다."",""발로 내어 지르거나 받아 올리다."",""몸에 어떤 물건을 달거나 지니다."",""몸에 닿는 물체나 대기의 온도가 낮다."",""일정한 기간이나 때가 다 되다.""]","[{""headword"":""차다1"",""senses"":[""일정한 공간에 사람이나 물건이 가득하게 되다."",""일정한 기간이나 때가 다 되다.""]},{""headword"":""차다2"",""senses"":[""발로 내어 지르거나 받아 올리다.""]},{""headword"":""차다3"",""senses"":[""몸에 어떤 물건을 달거나 지니다.""]},{""headword"":""차다4"",""senses"":[""몸에 닿는 물체나 대기의 온도가 낮다.""]}]","수업 적합 뜻 선별; 창작 예문 및 뜻풀이 공식 사전 대조 필요"
"Q231","다른 뜻 기반 창작 문항","","","level1","눈","먼지가 들어가서 눈을 여러 번 깜빡였다.","빛의 자극을 받아 사물을 볼 수 있는 감각 기관.","[""빛의 자극을 받아 사물을 볼 수 있는 감각 기관."",""사물을 알아보는 능력이나 시력."",""사물을 보고 판단하는 능력."",""무엇을 바라보는 태도나 표정."",""대기 중의 수증기가 얼어 땅으로 떨어지는 얼음 결정.""]","[{""headword"":""눈1"",""senses"":[""빛의 자극을 받아 사물을 볼 수 있는 감각 기관."",""사물을 알아보는 능력이나 시력."",""사물을 보고 판단하는 능력."",""무엇을 바라보는 태도나 표정.""]},{""headword"":""눈2"",""senses"":[""대기 중의 수증기가 얼어 땅으로 떨어지는 얼음 결정.""]}]","수업 적합 뜻 선별; 창작 예문 및 뜻풀이 공식 사전 대조 필요"
"Q232","다른 뜻 기반 창작 문항","","","level1","눈","햇빛이 강해서 눈을 가늘게 떴다.","빛의 자극을 받아 사물을 볼 수 있는 감각 기관.","[""빛의 자극을 받아 사물을 볼 수 있는 감각 기관."",""사물을 알아보는 능력이나 시력."",""사물을 보고 판단하는 능력."",""무엇을 바라보는 태도나 표정."",""대기 중의 수증기가 얼어 땅으로 떨어지는 얼음 결정.""]","[{""headword"":""눈1"",""senses"":[""빛의 자극을 받아 사물을 볼 수 있는 감각 기관."",""사물을 알아보는 능력이나 시력."",""사물을 보고 판단하는 능력."",""무엇을 바라보는 태도나 표정.""]},{""headword"":""눈2"",""senses"":[""대기 중의 수증기가 얼어 땅으로 떨어지는 얼음 결정.""]}]","수업 적합 뜻 선별; 창작 예문 및 뜻풀이 공식 사전 대조 필요"
"Q233","다른 뜻 기반 창작 문항","","","level1","눈","나는 세수를 하고 수건으로 눈 주위를 닦았다.","빛의 자극을 받아 사물을 볼 수 있는 감각 기관.","[""빛의 자극을 받아 사물을 볼 수 있는 감각 기관."",""사물을 알아보는 능력이나 시력."",""사물을 보고 판단하는 능력."",""무엇을 바라보는 태도나 표정."",""대기 중의 수증기가 얼어 땅으로 떨어지는 얼음 결정.""]","[{""headword"":""눈1"",""senses"":[""빛의 자극을 받아 사물을 볼 수 있는 감각 기관."",""사물을 알아보는 능력이나 시력."",""사물을 보고 판단하는 능력."",""무엇을 바라보는 태도나 표정.""]},{""headword"":""눈2"",""senses"":[""대기 중의 수증기가 얼어 땅으로 떨어지는 얼음 결정.""]}]","수업 적합 뜻 선별; 창작 예문 및 뜻풀이 공식 사전 대조 필요"
"Q234","다른 뜻 기반 창작 문항","","","level1","눈","칠판 글씨가 흐리게 보이는 것을 보니 눈이 나빠진 것 같다.","사물을 알아보는 능력이나 시력.","[""빛의 자극을 받아 사물을 볼 수 있는 감각 기관."",""사물을 알아보는 능력이나 시력."",""사물을 보고 판단하는 능력."",""무엇을 바라보는 태도나 표정."",""대기 중의 수증기가 얼어 땅으로 떨어지는 얼음 결정.""]","[{""headword"":""눈1"",""senses"":[""빛의 자극을 받아 사물을 볼 수 있는 감각 기관."",""사물을 알아보는 능력이나 시력."",""사물을 보고 판단하는 능력."",""무엇을 바라보는 태도나 표정.""]},{""headword"":""눈2"",""senses"":[""대기 중의 수증기가 얼어 땅으로 떨어지는 얼음 결정.""]}]","수업 적합 뜻 선별; 창작 예문 및 뜻풀이 공식 사전 대조 필요"
"Q235","다른 뜻 기반 창작 문항","","","level1","눈","할머니는 눈이 좋아서 멀리 있는 간판도 잘 읽으신다.","사물을 알아보는 능력이나 시력.","[""빛의 자극을 받아 사물을 볼 수 있는 감각 기관."",""사물을 알아보는 능력이나 시력."",""사물을 보고 판단하는 능력."",""무엇을 바라보는 태도나 표정."",""대기 중의 수증기가 얼어 땅으로 떨어지는 얼음 결정.""]","[{""headword"":""눈1"",""senses"":[""빛의 자극을 받아 사물을 볼 수 있는 감각 기관."",""사물을 알아보는 능력이나 시력."",""사물을 보고 판단하는 능력."",""무엇을 바라보는 태도나 표정.""]},{""headword"":""눈2"",""senses"":[""대기 중의 수증기가 얼어 땅으로 떨어지는 얼음 결정.""]}]","수업 적합 뜻 선별; 창작 예문 및 뜻풀이 공식 사전 대조 필요"
"Q236","다른 뜻 기반 창작 문항","","","level1","눈","어두운 곳에서는 눈이 좋은 사람도 작은 글씨를 읽기 어렵다.","사물을 알아보는 능력이나 시력.","[""빛의 자극을 받아 사물을 볼 수 있는 감각 기관."",""사물을 알아보는 능력이나 시력."",""사물을 보고 판단하는 능력."",""무엇을 바라보는 태도나 표정."",""대기 중의 수증기가 얼어 땅으로 떨어지는 얼음 결정.""]","[{""headword"":""눈1"",""senses"":[""빛의 자극을 받아 사물을 볼 수 있는 감각 기관."",""사물을 알아보는 능력이나 시력."",""사물을 보고 판단하는 능력."",""무엇을 바라보는 태도나 표정.""]},{""headword"":""눈2"",""senses"":[""대기 중의 수증기가 얼어 땅으로 떨어지는 얼음 결정.""]}]","수업 적합 뜻 선별; 창작 예문 및 뜻풀이 공식 사전 대조 필요"
"Q237","다른 뜻 기반 창작 문항","","","level1","눈","그 친구는 좋은 책을 고르는 눈이 있다.","사물을 보고 판단하는 능력.","[""빛의 자극을 받아 사물을 볼 수 있는 감각 기관."",""사물을 알아보는 능력이나 시력."",""사물을 보고 판단하는 능력."",""무엇을 바라보는 태도나 표정."",""대기 중의 수증기가 얼어 땅으로 떨어지는 얼음 결정.""]","[{""headword"":""눈1"",""senses"":[""빛의 자극을 받아 사물을 볼 수 있는 감각 기관."",""사물을 알아보는 능력이나 시력."",""사물을 보고 판단하는 능력."",""무엇을 바라보는 태도나 표정.""]},{""headword"":""눈2"",""senses"":[""대기 중의 수증기가 얼어 땅으로 떨어지는 얼음 결정.""]}]","수업 적합 뜻 선별; 창작 예문 및 뜻풀이 공식 사전 대조 필요"
"Q238","다른 뜻 기반 창작 문항","","","level1","눈","엄마는 싱싱한 과일을 알아보는 눈이 정확하다.","사물을 보고 판단하는 능력.","[""빛의 자극을 받아 사물을 볼 수 있는 감각 기관."",""사물을 알아보는 능력이나 시력."",""사물을 보고 판단하는 능력."",""무엇을 바라보는 태도나 표정."",""대기 중의 수증기가 얼어 땅으로 떨어지는 얼음 결정.""]","[{""headword"":""눈1"",""senses"":[""빛의 자극을 받아 사물을 볼 수 있는 감각 기관."",""사물을 알아보는 능력이나 시력."",""사물을 보고 판단하는 능력."",""무엇을 바라보는 태도나 표정.""]},{""headword"":""눈2"",""senses"":[""대기 중의 수증기가 얼어 땅으로 떨어지는 얼음 결정.""]}]","수업 적합 뜻 선별; 창작 예문 및 뜻풀이 공식 사전 대조 필요"
"Q239","다른 뜻 기반 창작 문항","","","level1","눈","작품을 보는 눈을 기르려면 여러 그림을 감상해야 한다.","사물을 보고 판단하는 능력.","[""빛의 자극을 받아 사물을 볼 수 있는 감각 기관."",""사물을 알아보는 능력이나 시력."",""사물을 보고 판단하는 능력."",""무엇을 바라보는 태도나 표정."",""대기 중의 수증기가 얼어 땅으로 떨어지는 얼음 결정.""]","[{""headword"":""눈1"",""senses"":[""빛의 자극을 받아 사물을 볼 수 있는 감각 기관."",""사물을 알아보는 능력이나 시력."",""사물을 보고 판단하는 능력."",""무엇을 바라보는 태도나 표정.""]},{""headword"":""눈2"",""senses"":[""대기 중의 수증기가 얼어 땅으로 떨어지는 얼음 결정.""]}]","수업 적합 뜻 선별; 창작 예문 및 뜻풀이 공식 사전 대조 필요"
"Q240","다른 뜻 기반 창작 문항","","","level1","눈","친구는 의심하는 눈으로 상자를 바라보았다.","무엇을 바라보는 태도나 표정.","[""빛의 자극을 받아 사물을 볼 수 있는 감각 기관."",""사물을 알아보는 능력이나 시력."",""사물을 보고 판단하는 능력."",""무엇을 바라보는 태도나 표정."",""대기 중의 수증기가 얼어 땅으로 떨어지는 얼음 결정.""]","[{""headword"":""눈1"",""senses"":[""빛의 자극을 받아 사물을 볼 수 있는 감각 기관."",""사물을 알아보는 능력이나 시력."",""사물을 보고 판단하는 능력."",""무엇을 바라보는 태도나 표정.""]},{""headword"":""눈2"",""senses"":[""대기 중의 수증기가 얼어 땅으로 떨어지는 얼음 결정.""]}]","수업 적합 뜻 선별; 창작 예문 및 뜻풀이 공식 사전 대조 필요"
"Q241","다른 뜻 기반 창작 문항","","","level1","눈","선생님께서 따뜻한 눈으로 우리를 격려하셨다.","무엇을 바라보는 태도나 표정.","[""빛의 자극을 받아 사물을 볼 수 있는 감각 기관."",""사물을 알아보는 능력이나 시력."",""사물을 보고 판단하는 능력."",""무엇을 바라보는 태도나 표정."",""대기 중의 수증기가 얼어 땅으로 떨어지는 얼음 결정.""]","[{""headword"":""눈1"",""senses"":[""빛의 자극을 받아 사물을 볼 수 있는 감각 기관."",""사물을 알아보는 능력이나 시력."",""사물을 보고 판단하는 능력."",""무엇을 바라보는 태도나 표정.""]},{""headword"":""눈2"",""senses"":[""대기 중의 수증기가 얼어 땅으로 떨어지는 얼음 결정.""]}]","수업 적합 뜻 선별; 창작 예문 및 뜻풀이 공식 사전 대조 필요"
"Q242","다른 뜻 기반 창작 문항","","","level1","눈","동생은 부러운 눈으로 새 자전거를 쳐다보았다.","무엇을 바라보는 태도나 표정.","[""빛의 자극을 받아 사물을 볼 수 있는 감각 기관."",""사물을 알아보는 능력이나 시력."",""사물을 보고 판단하는 능력."",""무엇을 바라보는 태도나 표정."",""대기 중의 수증기가 얼어 땅으로 떨어지는 얼음 결정.""]","[{""headword"":""눈1"",""senses"":[""빛의 자극을 받아 사물을 볼 수 있는 감각 기관."",""사물을 알아보는 능력이나 시력."",""사물을 보고 판단하는 능력."",""무엇을 바라보는 태도나 표정.""]},{""headword"":""눈2"",""senses"":[""대기 중의 수증기가 얼어 땅으로 떨어지는 얼음 결정.""]}]","수업 적합 뜻 선별; 창작 예문 및 뜻풀이 공식 사전 대조 필요"
"Q243","다른 뜻 기반 창작 문항","","","level1","눈","밤새 눈이 내려 운동장이 하얗게 변했다.","대기 중의 수증기가 얼어 땅으로 떨어지는 얼음 결정.","[""빛의 자극을 받아 사물을 볼 수 있는 감각 기관."",""사물을 알아보는 능력이나 시력."",""사물을 보고 판단하는 능력."",""무엇을 바라보는 태도나 표정."",""대기 중의 수증기가 얼어 땅으로 떨어지는 얼음 결정.""]","[{""headword"":""눈1"",""senses"":[""빛의 자극을 받아 사물을 볼 수 있는 감각 기관."",""사물을 알아보는 능력이나 시력."",""사물을 보고 판단하는 능력."",""무엇을 바라보는 태도나 표정.""]},{""headword"":""눈2"",""senses"":[""대기 중의 수증기가 얼어 땅으로 떨어지는 얼음 결정.""]}]","수업 적합 뜻 선별; 창작 예문 및 뜻풀이 공식 사전 대조 필요"
"Q244","다른 뜻 기반 창작 문항","","","level1","눈","아이들은 눈을 뭉쳐 작은 눈사람을 만들었다.","대기 중의 수증기가 얼어 땅으로 떨어지는 얼음 결정.","[""빛의 자극을 받아 사물을 볼 수 있는 감각 기관."",""사물을 알아보는 능력이나 시력."",""사물을 보고 판단하는 능력."",""무엇을 바라보는 태도나 표정."",""대기 중의 수증기가 얼어 땅으로 떨어지는 얼음 결정.""]","[{""headword"":""눈1"",""senses"":[""빛의 자극을 받아 사물을 볼 수 있는 감각 기관."",""사물을 알아보는 능력이나 시력."",""사물을 보고 판단하는 능력."",""무엇을 바라보는 태도나 표정.""]},{""headword"":""눈2"",""senses"":[""대기 중의 수증기가 얼어 땅으로 떨어지는 얼음 결정.""]}]","수업 적합 뜻 선별; 창작 예문 및 뜻풀이 공식 사전 대조 필요"
"Q245","다른 뜻 기반 창작 문항","","","level1","눈","창밖에 첫눈이 내리자 모두 창가로 모였다.","대기 중의 수증기가 얼어 땅으로 떨어지는 얼음 결정.","[""빛의 자극을 받아 사물을 볼 수 있는 감각 기관."",""사물을 알아보는 능력이나 시력."",""사물을 보고 판단하는 능력."",""무엇을 바라보는 태도나 표정."",""대기 중의 수증기가 얼어 땅으로 떨어지는 얼음 결정.""]","[{""headword"":""눈1"",""senses"":[""빛의 자극을 받아 사물을 볼 수 있는 감각 기관."",""사물을 알아보는 능력이나 시력."",""사물을 보고 판단하는 능력."",""무엇을 바라보는 태도나 표정.""]},{""headword"":""눈2"",""senses"":[""대기 중의 수증기가 얼어 땅으로 떨어지는 얼음 결정.""]}]","수업 적합 뜻 선별; 창작 예문 및 뜻풀이 공식 사전 대조 필요"
"Q246","다른 뜻 기반 창작 문항","","","level1","먹다","나는 아침에 따뜻한 죽을 먹었다.","음식 따위를 입을 통하여 배 속에 들여보내다.","[""음식 따위를 입을 통하여 배 속에 들여보내다."",""어떤 마음이나 감정을 품다."",""운동 경기에서 상대편에게 점수를 내주다."",""나이가 들다."",""습기나 물 따위를 빨아들이다.""]","{""headword"":""먹다1"",""senses"":[""음식 따위를 입을 통하여 배 속에 들여보내다."",""어떤 마음이나 감정을 품다."",""운동 경기에서 상대편에게 점수를 내주다."",""나이가 들다."",""습기나 물 따위를 빨아들이다.""]}","수업 적합 뜻 선별; 창작 예문 및 뜻풀이 공식 사전 대조 필요"
"Q247","다른 뜻 기반 창작 문항","","","level1","먹다","동생은 간식으로 사과를 맛있게 먹었다.","음식 따위를 입을 통하여 배 속에 들여보내다.","[""음식 따위를 입을 통하여 배 속에 들여보내다."",""어떤 마음이나 감정을 품다."",""운동 경기에서 상대편에게 점수를 내주다."",""나이가 들다."",""습기나 물 따위를 빨아들이다.""]","{""headword"":""먹다1"",""senses"":[""음식 따위를 입을 통하여 배 속에 들여보내다."",""어떤 마음이나 감정을 품다."",""운동 경기에서 상대편에게 점수를 내주다."",""나이가 들다."",""습기나 물 따위를 빨아들이다.""]}","수업 적합 뜻 선별; 창작 예문 및 뜻풀이 공식 사전 대조 필요"
"Q248","다른 뜻 기반 창작 문항","","","level1","먹다","운동을 마친 뒤 친구들과 김밥을 먹었다.","음식 따위를 입을 통하여 배 속에 들여보내다.","[""음식 따위를 입을 통하여 배 속에 들여보내다."",""어떤 마음이나 감정을 품다."",""운동 경기에서 상대편에게 점수를 내주다."",""나이가 들다."",""습기나 물 따위를 빨아들이다.""]","{""headword"":""먹다1"",""senses"":[""음식 따위를 입을 통하여 배 속에 들여보내다."",""어떤 마음이나 감정을 품다."",""운동 경기에서 상대편에게 점수를 내주다."",""나이가 들다."",""습기나 물 따위를 빨아들이다.""]}","수업 적합 뜻 선별; 창작 예문 및 뜻풀이 공식 사전 대조 필요"
"Q249","다른 뜻 기반 창작 문항","","","level1","먹다","나는 이번에는 꼭 해내겠다고 마음을 먹었다.","어떤 마음이나 감정을 품다.","[""음식 따위를 입을 통하여 배 속에 들여보내다."",""어떤 마음이나 감정을 품다."",""운동 경기에서 상대편에게 점수를 내주다."",""나이가 들다."",""습기나 물 따위를 빨아들이다.""]","{""headword"":""먹다1"",""senses"":[""음식 따위를 입을 통하여 배 속에 들여보내다."",""어떤 마음이나 감정을 품다."",""운동 경기에서 상대편에게 점수를 내주다."",""나이가 들다."",""습기나 물 따위를 빨아들이다.""]}","수업 적합 뜻 선별; 창작 예문 및 뜻풀이 공식 사전 대조 필요"
"Q250","다른 뜻 기반 창작 문항","","","level1","먹다","지수는 겁을 먹었지만 용기를 내어 앞으로 나갔다.","어떤 마음이나 감정을 품다.","[""음식 따위를 입을 통하여 배 속에 들여보내다."",""어떤 마음이나 감정을 품다."",""운동 경기에서 상대편에게 점수를 내주다."",""나이가 들다."",""습기나 물 따위를 빨아들이다.""]","{""headword"":""먹다1"",""senses"":[""음식 따위를 입을 통하여 배 속에 들여보내다."",""어떤 마음이나 감정을 품다."",""운동 경기에서 상대편에게 점수를 내주다."",""나이가 들다."",""습기나 물 따위를 빨아들이다.""]}","수업 적합 뜻 선별; 창작 예문 및 뜻풀이 공식 사전 대조 필요"
"Q251","다른 뜻 기반 창작 문항","","","level1","먹다","동생은 친구에게 사과하기로 마음먹었다.","어떤 마음이나 감정을 품다.","[""음식 따위를 입을 통하여 배 속에 들여보내다."",""어떤 마음이나 감정을 품다."",""운동 경기에서 상대편에게 점수를 내주다."",""나이가 들다."",""습기나 물 따위를 빨아들이다.""]","{""headword"":""먹다1"",""senses"":[""음식 따위를 입을 통하여 배 속에 들여보내다."",""어떤 마음이나 감정을 품다."",""운동 경기에서 상대편에게 점수를 내주다."",""나이가 들다."",""습기나 물 따위를 빨아들이다.""]}","수업 적합 뜻 선별; 창작 예문 및 뜻풀이 공식 사전 대조 필요"
"Q252","다른 뜻 기반 창작 문항","","","level1","먹다","우리 팀은 경기 막판에 한 골을 먹었다.","운동 경기에서 상대편에게 점수를 내주다.","[""음식 따위를 입을 통하여 배 속에 들여보내다."",""어떤 마음이나 감정을 품다."",""운동 경기에서 상대편에게 점수를 내주다."",""나이가 들다."",""습기나 물 따위를 빨아들이다.""]","{""headword"":""먹다1"",""senses"":[""음식 따위를 입을 통하여 배 속에 들여보내다."",""어떤 마음이나 감정을 품다."",""운동 경기에서 상대편에게 점수를 내주다."",""나이가 들다."",""습기나 물 따위를 빨아들이다.""]}","수업 적합 뜻 선별; 창작 예문 및 뜻풀이 공식 사전 대조 필요"
"Q253","다른 뜻 기반 창작 문항","","","level1","먹다","수비가 흔들려 연달아 두 점을 먹고 말았다.","운동 경기에서 상대편에게 점수를 내주다.","[""음식 따위를 입을 통하여 배 속에 들여보내다."",""어떤 마음이나 감정을 품다."",""운동 경기에서 상대편에게 점수를 내주다."",""나이가 들다."",""습기나 물 따위를 빨아들이다.""]","{""headword"":""먹다1"",""senses"":[""음식 따위를 입을 통하여 배 속에 들여보내다."",""어떤 마음이나 감정을 품다."",""운동 경기에서 상대편에게 점수를 내주다."",""나이가 들다."",""습기나 물 따위를 빨아들이다.""]}","수업 적합 뜻 선별; 창작 예문 및 뜻풀이 공식 사전 대조 필요"
"Q254","다른 뜻 기반 창작 문항","","","level1","먹다","골을 먹은 선수들은 서로 격려하며 다시 집중했다.","운동 경기에서 상대편에게 점수를 내주다.","[""음식 따위를 입을 통하여 배 속에 들여보내다."",""어떤 마음이나 감정을 품다."",""운동 경기에서 상대편에게 점수를 내주다."",""나이가 들다."",""습기나 물 따위를 빨아들이다.""]","{""headword"":""먹다1"",""senses"":[""음식 따위를 입을 통하여 배 속에 들여보내다."",""어떤 마음이나 감정을 품다."",""운동 경기에서 상대편에게 점수를 내주다."",""나이가 들다."",""습기나 물 따위를 빨아들이다.""]}","수업 적합 뜻 선별; 창작 예문 및 뜻풀이 공식 사전 대조 필요"
"Q255","다른 뜻 기반 창작 문항","","","level1","먹다","엄마는 나이를 먹을수록 시간이 빨리 간다고 말씀하셨다.","나이가 들다.","[""음식 따위를 입을 통하여 배 속에 들여보내다."",""어떤 마음이나 감정을 품다."",""운동 경기에서 상대편에게 점수를 내주다."",""나이가 들다."",""습기나 물 따위를 빨아들이다.""]","{""headword"":""먹다1"",""senses"":[""음식 따위를 입을 통하여 배 속에 들여보내다."",""어떤 마음이나 감정을 품다."",""운동 경기에서 상대편에게 점수를 내주다."",""나이가 들다."",""습기나 물 따위를 빨아들이다.""]}","수업 적합 뜻 선별; 창작 예문 및 뜻풀이 공식 사전 대조 필요"
"Q256","다른 뜻 기반 창작 문항","","","level1","먹다","한 살 더 먹은 동생은 스스로 할 수 있는 일이 많아졌다.","나이가 들다.","[""음식 따위를 입을 통하여 배 속에 들여보내다."",""어떤 마음이나 감정을 품다."",""운동 경기에서 상대편에게 점수를 내주다."",""나이가 들다."",""습기나 물 따위를 빨아들이다.""]","{""headword"":""먹다1"",""senses"":[""음식 따위를 입을 통하여 배 속에 들여보내다."",""어떤 마음이나 감정을 품다."",""운동 경기에서 상대편에게 점수를 내주다."",""나이가 들다."",""습기나 물 따위를 빨아들이다.""]}","수업 적합 뜻 선별; 창작 예문 및 뜻풀이 공식 사전 대조 필요"
"Q257","다른 뜻 기반 창작 문항","","","level1","먹다","강아지도 나이를 먹으니 움직임이 느려졌다.","나이가 들다.","[""음식 따위를 입을 통하여 배 속에 들여보내다."",""어떤 마음이나 감정을 품다."",""운동 경기에서 상대편에게 점수를 내주다."",""나이가 들다."",""습기나 물 따위를 빨아들이다.""]","{""headword"":""먹다1"",""senses"":[""음식 따위를 입을 통하여 배 속에 들여보내다."",""어떤 마음이나 감정을 품다."",""운동 경기에서 상대편에게 점수를 내주다."",""나이가 들다."",""습기나 물 따위를 빨아들이다.""]}","수업 적합 뜻 선별; 창작 예문 및 뜻풀이 공식 사전 대조 필요"
"Q258","다른 뜻 기반 창작 문항","","","level1","먹다","종이가 물을 먹어서 쭈글쭈글해졌다.","습기나 물 따위를 빨아들이다.","[""음식 따위를 입을 통하여 배 속에 들여보내다."",""어떤 마음이나 감정을 품다."",""운동 경기에서 상대편에게 점수를 내주다."",""나이가 들다."",""습기나 물 따위를 빨아들이다.""]","{""headword"":""먹다1"",""senses"":[""음식 따위를 입을 통하여 배 속에 들여보내다."",""어떤 마음이나 감정을 품다."",""운동 경기에서 상대편에게 점수를 내주다."",""나이가 들다."",""습기나 물 따위를 빨아들이다.""]}","수업 적합 뜻 선별; 창작 예문 및 뜻풀이 공식 사전 대조 필요"
"Q259","다른 뜻 기반 창작 문항","","","level1","먹다","빗물을 먹은 나무 의자가 쉽게 마르지 않았다.","습기나 물 따위를 빨아들이다.","[""음식 따위를 입을 통하여 배 속에 들여보내다."",""어떤 마음이나 감정을 품다."",""운동 경기에서 상대편에게 점수를 내주다."",""나이가 들다."",""습기나 물 따위를 빨아들이다.""]","{""headword"":""먹다1"",""senses"":[""음식 따위를 입을 통하여 배 속에 들여보내다."",""어떤 마음이나 감정을 품다."",""운동 경기에서 상대편에게 점수를 내주다."",""나이가 들다."",""습기나 물 따위를 빨아들이다.""]}","수업 적합 뜻 선별; 창작 예문 및 뜻풀이 공식 사전 대조 필요"
"Q260","다른 뜻 기반 창작 문항","","","level1","먹다","스펀지가 물을 잔뜩 먹어 무거워졌다.","습기나 물 따위를 빨아들이다.","[""음식 따위를 입을 통하여 배 속에 들여보내다."",""어떤 마음이나 감정을 품다."",""운동 경기에서 상대편에게 점수를 내주다."",""나이가 들다."",""습기나 물 따위를 빨아들이다.""]","{""headword"":""먹다1"",""senses"":[""음식 따위를 입을 통하여 배 속에 들여보내다."",""어떤 마음이나 감정을 품다."",""운동 경기에서 상대편에게 점수를 내주다."",""나이가 들다."",""습기나 물 따위를 빨아들이다.""]}","수업 적합 뜻 선별; 창작 예문 및 뜻풀이 공식 사전 대조 필요"
"Q261","다른 뜻 기반 창작 문항","","","level1","배","점심을 많이 먹었더니 배가 불렀다.","사람이나 동물의 몸에서 위장 따위가 있는 부분.","[""사람이나 동물의 몸에서 위장 따위가 있는 부분."",""사람이나 짐을 싣고 물 위로 다니는 물건."",""껍질이 누렇거나 갈색이며 과즙이 많은 과일."",""같은 수량을 몇 번 합한 양."",""우리나라 성씨의 하나.""]","[{""headword"":""배1"",""senses"":[""사람이나 동물의 몸에서 위장 따위가 있는 부분.""]},{""headword"":""배2"",""senses"":[""사람이나 짐을 싣고 물 위로 다니는 물건.""]},{""headword"":""배3"",""senses"":[""껍질이 누렇거나 갈색이며 과즙이 많은 과일.""]},{""headword"":""배4"",""senses"":[""같은 수량을 몇 번 합한 양.""]},{""headword"":""배5"",""senses"":[""우리나라 성씨의 하나.""]}]","수업 적합 뜻 선별; 창작 예문 및 뜻풀이 공식 사전 대조 필요"
"Q262","다른 뜻 기반 창작 문항","","","level1","배","동생은 배가 아파서 잠시 쉬었다.","사람이나 동물의 몸에서 위장 따위가 있는 부분.","[""사람이나 동물의 몸에서 위장 따위가 있는 부분."",""사람이나 짐을 싣고 물 위로 다니는 물건."",""껍질이 누렇거나 갈색이며 과즙이 많은 과일."",""같은 수량을 몇 번 합한 양."",""우리나라 성씨의 하나.""]","[{""headword"":""배1"",""senses"":[""사람이나 동물의 몸에서 위장 따위가 있는 부분.""]},{""headword"":""배2"",""senses"":[""사람이나 짐을 싣고 물 위로 다니는 물건.""]},{""headword"":""배3"",""senses"":[""껍질이 누렇거나 갈색이며 과즙이 많은 과일.""]},{""headword"":""배4"",""senses"":[""같은 수량을 몇 번 합한 양.""]},{""headword"":""배5"",""senses"":[""우리나라 성씨의 하나.""]}]","수업 적합 뜻 선별; 창작 예문 및 뜻풀이 공식 사전 대조 필요"
"Q263","다른 뜻 기반 창작 문항","","","level1","배","나는 배에 힘을 주고 천천히 숨을 내쉬었다.","사람이나 동물의 몸에서 위장 따위가 있는 부분.","[""사람이나 동물의 몸에서 위장 따위가 있는 부분."",""사람이나 짐을 싣고 물 위로 다니는 물건."",""껍질이 누렇거나 갈색이며 과즙이 많은 과일."",""같은 수량을 몇 번 합한 양."",""우리나라 성씨의 하나.""]","[{""headword"":""배1"",""senses"":[""사람이나 동물의 몸에서 위장 따위가 있는 부분.""]},{""headword"":""배2"",""senses"":[""사람이나 짐을 싣고 물 위로 다니는 물건.""]},{""headword"":""배3"",""senses"":[""껍질이 누렇거나 갈색이며 과즙이 많은 과일.""]},{""headword"":""배4"",""senses"":[""같은 수량을 몇 번 합한 양.""]},{""headword"":""배5"",""senses"":[""우리나라 성씨의 하나.""]}]","수업 적합 뜻 선별; 창작 예문 및 뜻풀이 공식 사전 대조 필요"
"Q264","다른 뜻 기반 창작 문항","","","level1","배","우리는 배를 타고 섬으로 들어갔다.","사람이나 짐을 싣고 물 위로 다니는 물건.","[""사람이나 동물의 몸에서 위장 따위가 있는 부분."",""사람이나 짐을 싣고 물 위로 다니는 물건."",""껍질이 누렇거나 갈색이며 과즙이 많은 과일."",""같은 수량을 몇 번 합한 양."",""우리나라 성씨의 하나.""]","[{""headword"":""배1"",""senses"":[""사람이나 동물의 몸에서 위장 따위가 있는 부분.""]},{""headword"":""배2"",""senses"":[""사람이나 짐을 싣고 물 위로 다니는 물건.""]},{""headword"":""배3"",""senses"":[""껍질이 누렇거나 갈색이며 과즙이 많은 과일.""]},{""headword"":""배4"",""senses"":[""같은 수량을 몇 번 합한 양.""]},{""headword"":""배5"",""senses"":[""우리나라 성씨의 하나.""]}]","수업 적합 뜻 선별; 창작 예문 및 뜻풀이 공식 사전 대조 필요"
"Q265","다른 뜻 기반 창작 문항","","","level1","배","항구에는 고기를 잡으러 나갈 배들이 줄지어 있었다.","사람이나 짐을 싣고 물 위로 다니는 물건.","[""사람이나 동물의 몸에서 위장 따위가 있는 부분."",""사람이나 짐을 싣고 물 위로 다니는 물건."",""껍질이 누렇거나 갈색이며 과즙이 많은 과일."",""같은 수량을 몇 번 합한 양."",""우리나라 성씨의 하나.""]","[{""headword"":""배1"",""senses"":[""사람이나 동물의 몸에서 위장 따위가 있는 부분.""]},{""headword"":""배2"",""senses"":[""사람이나 짐을 싣고 물 위로 다니는 물건.""]},{""headword"":""배3"",""senses"":[""껍질이 누렇거나 갈색이며 과즙이 많은 과일.""]},{""headword"":""배4"",""senses"":[""같은 수량을 몇 번 합한 양.""]},{""headword"":""배5"",""senses"":[""우리나라 성씨의 하나.""]}]","수업 적합 뜻 선별; 창작 예문 및 뜻풀이 공식 사전 대조 필요"
"Q266","다른 뜻 기반 창작 문항","","","level1","배","파도가 높아서 배가 크게 흔들렸다.","사람이나 짐을 싣고 물 위로 다니는 물건.","[""사람이나 동물의 몸에서 위장 따위가 있는 부분."",""사람이나 짐을 싣고 물 위로 다니는 물건."",""껍질이 누렇거나 갈색이며 과즙이 많은 과일."",""같은 수량을 몇 번 합한 양."",""우리나라 성씨의 하나.""]","[{""headword"":""배1"",""senses"":[""사람이나 동물의 몸에서 위장 따위가 있는 부분.""]},{""headword"":""배2"",""senses"":[""사람이나 짐을 싣고 물 위로 다니는 물건.""]},{""headword"":""배3"",""senses"":[""껍질이 누렇거나 갈색이며 과즙이 많은 과일.""]},{""headword"":""배4"",""senses"":[""같은 수량을 몇 번 합한 양.""]},{""headword"":""배5"",""senses"":[""우리나라 성씨의 하나.""]}]","수업 적합 뜻 선별; 창작 예문 및 뜻풀이 공식 사전 대조 필요"
"Q267","다른 뜻 기반 창작 문항","","","level1","배","아삭한 배를 한입 베어 무니 단물이 났다.","껍질이 누렇거나 갈색이며 과즙이 많은 과일.","[""사람이나 동물의 몸에서 위장 따위가 있는 부분."",""사람이나 짐을 싣고 물 위로 다니는 물건."",""껍질이 누렇거나 갈색이며 과즙이 많은 과일."",""같은 수량을 몇 번 합한 양."",""우리나라 성씨의 하나.""]","[{""headword"":""배1"",""senses"":[""사람이나 동물의 몸에서 위장 따위가 있는 부분.""]},{""headword"":""배2"",""senses"":[""사람이나 짐을 싣고 물 위로 다니는 물건.""]},{""headword"":""배3"",""senses"":[""껍질이 누렇거나 갈색이며 과즙이 많은 과일.""]},{""headword"":""배4"",""senses"":[""같은 수량을 몇 번 합한 양.""]},{""headword"":""배5"",""senses"":[""우리나라 성씨의 하나.""]}]","수업 적합 뜻 선별; 창작 예문 및 뜻풀이 공식 사전 대조 필요"
"Q268","다른 뜻 기반 창작 문항","","","level1","배","할머니께서 과일 접시에 배를 깎아 주셨다.","껍질이 누렇거나 갈색이며 과즙이 많은 과일.","[""사람이나 동물의 몸에서 위장 따위가 있는 부분."",""사람이나 짐을 싣고 물 위로 다니는 물건."",""껍질이 누렇거나 갈색이며 과즙이 많은 과일."",""같은 수량을 몇 번 합한 양."",""우리나라 성씨의 하나.""]","[{""headword"":""배1"",""senses"":[""사람이나 동물의 몸에서 위장 따위가 있는 부분.""]},{""headword"":""배2"",""senses"":[""사람이나 짐을 싣고 물 위로 다니는 물건.""]},{""headword"":""배3"",""senses"":[""껍질이 누렇거나 갈색이며 과즙이 많은 과일.""]},{""headword"":""배4"",""senses"":[""같은 수량을 몇 번 합한 양.""]},{""headword"":""배5"",""senses"":[""우리나라 성씨의 하나.""]}]","수업 적합 뜻 선별; 창작 예문 및 뜻풀이 공식 사전 대조 필요"
"Q269","다른 뜻 기반 창작 문항","","","level1","배","시장에는 둥글고 탐스러운 배가 가득 쌓여 있었다.","껍질이 누렇거나 갈색이며 과즙이 많은 과일.","[""사람이나 동물의 몸에서 위장 따위가 있는 부분."",""사람이나 짐을 싣고 물 위로 다니는 물건."",""껍질이 누렇거나 갈색이며 과즙이 많은 과일."",""같은 수량을 몇 번 합한 양."",""우리나라 성씨의 하나.""]","[{""headword"":""배1"",""senses"":[""사람이나 동물의 몸에서 위장 따위가 있는 부분.""]},{""headword"":""배2"",""senses"":[""사람이나 짐을 싣고 물 위로 다니는 물건.""]},{""headword"":""배3"",""senses"":[""껍질이 누렇거나 갈색이며 과즙이 많은 과일.""]},{""headword"":""배4"",""senses"":[""같은 수량을 몇 번 합한 양.""]},{""headword"":""배5"",""senses"":[""우리나라 성씨의 하나.""]}]","수업 적합 뜻 선별; 창작 예문 및 뜻풀이 공식 사전 대조 필요"
"Q270","다른 뜻 기반 창작 문항","","","level1","배","오늘은 어제보다 두 배 많은 책을 읽었다.","같은 수량을 몇 번 합한 양.","[""사람이나 동물의 몸에서 위장 따위가 있는 부분."",""사람이나 짐을 싣고 물 위로 다니는 물건."",""껍질이 누렇거나 갈색이며 과즙이 많은 과일."",""같은 수량을 몇 번 합한 양."",""우리나라 성씨의 하나.""]","[{""headword"":""배1"",""senses"":[""사람이나 동물의 몸에서 위장 따위가 있는 부분.""]},{""headword"":""배2"",""senses"":[""사람이나 짐을 싣고 물 위로 다니는 물건.""]},{""headword"":""배3"",""senses"":[""껍질이 누렇거나 갈색이며 과즙이 많은 과일.""]},{""headword"":""배4"",""senses"":[""같은 수량을 몇 번 합한 양.""]},{""headword"":""배5"",""senses"":[""우리나라 성씨의 하나.""]}]","수업 적합 뜻 선별; 창작 예문 및 뜻풀이 공식 사전 대조 필요"
"Q271","다른 뜻 기반 창작 문항","","","level1","배","연습을 거듭하자 줄넘기 기록이 세 배 가까이 늘었다.","같은 수량을 몇 번 합한 양.","[""사람이나 동물의 몸에서 위장 따위가 있는 부분."",""사람이나 짐을 싣고 물 위로 다니는 물건."",""껍질이 누렇거나 갈색이며 과즙이 많은 과일."",""같은 수량을 몇 번 합한 양."",""우리나라 성씨의 하나.""]","[{""headword"":""배1"",""senses"":[""사람이나 동물의 몸에서 위장 따위가 있는 부분.""]},{""headword"":""배2"",""senses"":[""사람이나 짐을 싣고 물 위로 다니는 물건.""]},{""headword"":""배3"",""senses"":[""껍질이 누렇거나 갈색이며 과즙이 많은 과일.""]},{""headword"":""배4"",""senses"":[""같은 수량을 몇 번 합한 양.""]},{""headword"":""배5"",""senses"":[""우리나라 성씨의 하나.""]}]","수업 적합 뜻 선별; 창작 예문 및 뜻풀이 공식 사전 대조 필요"
"Q272","다른 뜻 기반 창작 문항","","","level1","배","작은 상자보다 큰 상자에 연필이 두 배 더 많이 들어간다.","같은 수량을 몇 번 합한 양.","[""사람이나 동물의 몸에서 위장 따위가 있는 부분."",""사람이나 짐을 싣고 물 위로 다니는 물건."",""껍질이 누렇거나 갈색이며 과즙이 많은 과일."",""같은 수량을 몇 번 합한 양."",""우리나라 성씨의 하나.""]","[{""headword"":""배1"",""senses"":[""사람이나 동물의 몸에서 위장 따위가 있는 부분.""]},{""headword"":""배2"",""senses"":[""사람이나 짐을 싣고 물 위로 다니는 물건.""]},{""headword"":""배3"",""senses"":[""껍질이 누렇거나 갈색이며 과즙이 많은 과일.""]},{""headword"":""배4"",""senses"":[""같은 수량을 몇 번 합한 양.""]},{""headword"":""배5"",""senses"":[""우리나라 성씨의 하나.""]}]","수업 적합 뜻 선별; 창작 예문 및 뜻풀이 공식 사전 대조 필요"
"Q273","다른 뜻 기반 창작 문항","","","level1","배","새로 오신 체육 선생님의 성함은 배 선생님이다.","우리나라 성씨의 하나.","[""사람이나 동물의 몸에서 위장 따위가 있는 부분."",""사람이나 짐을 싣고 물 위로 다니는 물건."",""껍질이 누렇거나 갈색이며 과즙이 많은 과일."",""같은 수량을 몇 번 합한 양."",""우리나라 성씨의 하나.""]","[{""headword"":""배1"",""senses"":[""사람이나 동물의 몸에서 위장 따위가 있는 부분.""]},{""headword"":""배2"",""senses"":[""사람이나 짐을 싣고 물 위로 다니는 물건.""]},{""headword"":""배3"",""senses"":[""껍질이 누렇거나 갈색이며 과즙이 많은 과일.""]},{""headword"":""배4"",""senses"":[""같은 수량을 몇 번 합한 양.""]},{""headword"":""배5"",""senses"":[""우리나라 성씨의 하나.""]}]","수업 적합 뜻 선별; 창작 예문 및 뜻풀이 공식 사전 대조 필요"
"Q274","다른 뜻 기반 창작 문항","","","level1","배","우리 반에는 성이 배 씨인 친구가 두 명 있다.","우리나라 성씨의 하나.","[""사람이나 동물의 몸에서 위장 따위가 있는 부분."",""사람이나 짐을 싣고 물 위로 다니는 물건."",""껍질이 누렇거나 갈색이며 과즙이 많은 과일."",""같은 수량을 몇 번 합한 양."",""우리나라 성씨의 하나.""]","[{""headword"":""배1"",""senses"":[""사람이나 동물의 몸에서 위장 따위가 있는 부분.""]},{""headword"":""배2"",""senses"":[""사람이나 짐을 싣고 물 위로 다니는 물건.""]},{""headword"":""배3"",""senses"":[""껍질이 누렇거나 갈색이며 과즙이 많은 과일.""]},{""headword"":""배4"",""senses"":[""같은 수량을 몇 번 합한 양.""]},{""headword"":""배5"",""senses"":[""우리나라 성씨의 하나.""]}]","수업 적합 뜻 선별; 창작 예문 및 뜻풀이 공식 사전 대조 필요"
"Q275","다른 뜻 기반 창작 문항","","","level1","배","안내 방송에서 배 씨 성을 가진 학생을 찾았다.","우리나라 성씨의 하나.","[""사람이나 동물의 몸에서 위장 따위가 있는 부분."",""사람이나 짐을 싣고 물 위로 다니는 물건."",""껍질이 누렇거나 갈색이며 과즙이 많은 과일."",""같은 수량을 몇 번 합한 양."",""우리나라 성씨의 하나.""]","[{""headword"":""배1"",""senses"":[""사람이나 동물의 몸에서 위장 따위가 있는 부분.""]},{""headword"":""배2"",""senses"":[""사람이나 짐을 싣고 물 위로 다니는 물건.""]},{""headword"":""배3"",""senses"":[""껍질이 누렇거나 갈색이며 과즙이 많은 과일.""]},{""headword"":""배4"",""senses"":[""같은 수량을 몇 번 합한 양.""]},{""headword"":""배5"",""senses"":[""우리나라 성씨의 하나.""]}]","수업 적합 뜻 선별; 창작 예문 및 뜻풀이 공식 사전 대조 필요"
"Q276","다른 뜻 기반 창작 문항","","","level1","걸다","나는 벽에 새 달력을 걸었다.","물체를 떨어지지 않도록 어디에 매달다.","[""물체를 떨어지지 않도록 어디에 매달다."",""전화가 통하도록 신호를 보내다."",""말이나 인사를 먼저 시작하다."",""기대나 희망을 두다."",""문제 삼아 따지거나 내기를 하다.""]","{""headword"":""걸다1"",""senses"":[""물체를 떨어지지 않도록 어디에 매달다."",""전화가 통하도록 신호를 보내다."",""말이나 인사를 먼저 시작하다."",""기대나 희망을 두다."",""문제 삼아 따지거나 내기를 하다.""]}","수업 적합 뜻 선별; 창작 예문 및 뜻풀이 공식 사전 대조 필요"
"Q277","다른 뜻 기반 창작 문항","","","level1","걸다","아빠는 옷걸이에 외투를 걸어 두셨다.","물체를 떨어지지 않도록 어디에 매달다.","[""물체를 떨어지지 않도록 어디에 매달다."",""전화가 통하도록 신호를 보내다."",""말이나 인사를 먼저 시작하다."",""기대나 희망을 두다."",""문제 삼아 따지거나 내기를 하다.""]","{""headword"":""걸다1"",""senses"":[""물체를 떨어지지 않도록 어디에 매달다."",""전화가 통하도록 신호를 보내다."",""말이나 인사를 먼저 시작하다."",""기대나 희망을 두다."",""문제 삼아 따지거나 내기를 하다.""]}","수업 적합 뜻 선별; 창작 예문 및 뜻풀이 공식 사전 대조 필요"
"Q278","다른 뜻 기반 창작 문항","","","level1","걸다","아이들은 나뭇가지에 작은 장식을 걸었다.","물체를 떨어지지 않도록 어디에 매달다.","[""물체를 떨어지지 않도록 어디에 매달다."",""전화가 통하도록 신호를 보내다."",""말이나 인사를 먼저 시작하다."",""기대나 희망을 두다."",""문제 삼아 따지거나 내기를 하다.""]","{""headword"":""걸다1"",""senses"":[""물체를 떨어지지 않도록 어디에 매달다."",""전화가 통하도록 신호를 보내다."",""말이나 인사를 먼저 시작하다."",""기대나 희망을 두다."",""문제 삼아 따지거나 내기를 하다.""]}","수업 적합 뜻 선별; 창작 예문 및 뜻풀이 공식 사전 대조 필요"
"Q279","다른 뜻 기반 창작 문항","","","level1","걸다","나는 약속 시간을 확인하려고 친구에게 전화를 걸었다.","전화가 통하도록 신호를 보내다.","[""물체를 떨어지지 않도록 어디에 매달다."",""전화가 통하도록 신호를 보내다."",""말이나 인사를 먼저 시작하다."",""기대나 희망을 두다."",""문제 삼아 따지거나 내기를 하다.""]","{""headword"":""걸다1"",""senses"":[""물체를 떨어지지 않도록 어디에 매달다."",""전화가 통하도록 신호를 보내다."",""말이나 인사를 먼저 시작하다."",""기대나 희망을 두다."",""문제 삼아 따지거나 내기를 하다.""]}","수업 적합 뜻 선별; 창작 예문 및 뜻풀이 공식 사전 대조 필요"
"Q280","다른 뜻 기반 창작 문항","","","level1","걸다","할머니께 안부 전화를 걸어 주말에 찾아뵙겠다고 말씀드렸다.","전화가 통하도록 신호를 보내다.","[""물체를 떨어지지 않도록 어디에 매달다."",""전화가 통하도록 신호를 보내다."",""말이나 인사를 먼저 시작하다."",""기대나 희망을 두다."",""문제 삼아 따지거나 내기를 하다.""]","{""headword"":""걸다1"",""senses"":[""물체를 떨어지지 않도록 어디에 매달다."",""전화가 통하도록 신호를 보내다."",""말이나 인사를 먼저 시작하다."",""기대나 희망을 두다."",""문제 삼아 따지거나 내기를 하다.""]}","수업 적합 뜻 선별; 창작 예문 및 뜻풀이 공식 사전 대조 필요"
"Q281","다른 뜻 기반 창작 문항","","","level1","걸다","길을 잃은 아이는 부모님께 전화를 걸었다.","전화가 통하도록 신호를 보내다.","[""물체를 떨어지지 않도록 어디에 매달다."",""전화가 통하도록 신호를 보내다."",""말이나 인사를 먼저 시작하다."",""기대나 희망을 두다."",""문제 삼아 따지거나 내기를 하다.""]","{""headword"":""걸다1"",""senses"":[""물체를 떨어지지 않도록 어디에 매달다."",""전화가 통하도록 신호를 보내다."",""말이나 인사를 먼저 시작하다."",""기대나 희망을 두다."",""문제 삼아 따지거나 내기를 하다.""]}","수업 적합 뜻 선별; 창작 예문 및 뜻풀이 공식 사전 대조 필요"
"Q282","다른 뜻 기반 창작 문항","","","level1","걸다","전학 온 친구에게 먼저 말을 걸었다.","말이나 인사를 먼저 시작하다.","[""물체를 떨어지지 않도록 어디에 매달다."",""전화가 통하도록 신호를 보내다."",""말이나 인사를 먼저 시작하다."",""기대나 희망을 두다."",""문제 삼아 따지거나 내기를 하다.""]","{""headword"":""걸다1"",""senses"":[""물체를 떨어지지 않도록 어디에 매달다."",""전화가 통하도록 신호를 보내다."",""말이나 인사를 먼저 시작하다."",""기대나 희망을 두다."",""문제 삼아 따지거나 내기를 하다.""]}","수업 적합 뜻 선별; 창작 예문 및 뜻풀이 공식 사전 대조 필요"
"Q283","다른 뜻 기반 창작 문항","","","level1","걸다","아침에 만난 이웃에게 반갑게 인사를 걸었다.","말이나 인사를 먼저 시작하다.","[""물체를 떨어지지 않도록 어디에 매달다."",""전화가 통하도록 신호를 보내다."",""말이나 인사를 먼저 시작하다."",""기대나 희망을 두다."",""문제 삼아 따지거나 내기를 하다.""]","{""headword"":""걸다1"",""senses"":[""물체를 떨어지지 않도록 어디에 매달다."",""전화가 통하도록 신호를 보내다."",""말이나 인사를 먼저 시작하다."",""기대나 희망을 두다."",""문제 삼아 따지거나 내기를 하다.""]}","수업 적합 뜻 선별; 창작 예문 및 뜻풀이 공식 사전 대조 필요"
"Q284","다른 뜻 기반 창작 문항","","","level1","걸다","나는 혼자 서 있는 친구에게 조심스럽게 말을 걸었다.","말이나 인사를 먼저 시작하다.","[""물체를 떨어지지 않도록 어디에 매달다."",""전화가 통하도록 신호를 보내다."",""말이나 인사를 먼저 시작하다."",""기대나 희망을 두다."",""문제 삼아 따지거나 내기를 하다.""]","{""headword"":""걸다1"",""senses"":[""물체를 떨어지지 않도록 어디에 매달다."",""전화가 통하도록 신호를 보내다."",""말이나 인사를 먼저 시작하다."",""기대나 희망을 두다."",""문제 삼아 따지거나 내기를 하다.""]}","수업 적합 뜻 선별; 창작 예문 및 뜻풀이 공식 사전 대조 필요"
"Q285","다른 뜻 기반 창작 문항","","","level1","걸다","우리 반은 마지막 주자에게 기대를 걸었다.","기대나 희망을 두다.","[""물체를 떨어지지 않도록 어디에 매달다."",""전화가 통하도록 신호를 보내다."",""말이나 인사를 먼저 시작하다."",""기대나 희망을 두다."",""문제 삼아 따지거나 내기를 하다.""]","{""headword"":""걸다1"",""senses"":[""물체를 떨어지지 않도록 어디에 매달다."",""전화가 통하도록 신호를 보내다."",""말이나 인사를 먼저 시작하다."",""기대나 희망을 두다."",""문제 삼아 따지거나 내기를 하다.""]}","수업 적합 뜻 선별; 창작 예문 및 뜻풀이 공식 사전 대조 필요"
"Q286","다른 뜻 기반 창작 문항","","","level1","걸다","선생님은 우리의 꾸준한 노력에 큰 희망을 거셨다.","기대나 희망을 두다.","[""물체를 떨어지지 않도록 어디에 매달다."",""전화가 통하도록 신호를 보내다."",""말이나 인사를 먼저 시작하다."",""기대나 희망을 두다."",""문제 삼아 따지거나 내기를 하다.""]","{""headword"":""걸다1"",""senses"":[""물체를 떨어지지 않도록 어디에 매달다."",""전화가 통하도록 신호를 보내다."",""말이나 인사를 먼저 시작하다."",""기대나 희망을 두다."",""문제 삼아 따지거나 내기를 하다.""]}","수업 적합 뜻 선별; 창작 예문 및 뜻풀이 공식 사전 대조 필요"
"Q287","다른 뜻 기반 창작 문항","","","level1","걸다","가족들은 선수의 새로운 도전에 기대를 걸었다.","기대나 희망을 두다.","[""물체를 떨어지지 않도록 어디에 매달다."",""전화가 통하도록 신호를 보내다."",""말이나 인사를 먼저 시작하다."",""기대나 희망을 두다."",""문제 삼아 따지거나 내기를 하다.""]","{""headword"":""걸다1"",""senses"":[""물체를 떨어지지 않도록 어디에 매달다."",""전화가 통하도록 신호를 보내다."",""말이나 인사를 먼저 시작하다."",""기대나 희망을 두다."",""문제 삼아 따지거나 내기를 하다.""]}","수업 적합 뜻 선별; 창작 예문 및 뜻풀이 공식 사전 대조 필요"
"Q288","다른 뜻 기반 창작 문항","","","level1","걸다","친구는 규칙을 어긴 행동에 이의를 걸었다.","문제 삼아 따지거나 내기를 하다.","[""물체를 떨어지지 않도록 어디에 매달다."",""전화가 통하도록 신호를 보내다."",""말이나 인사를 먼저 시작하다."",""기대나 희망을 두다."",""문제 삼아 따지거나 내기를 하다.""]","{""headword"":""걸다1"",""senses"":[""물체를 떨어지지 않도록 어디에 매달다."",""전화가 통하도록 신호를 보내다."",""말이나 인사를 먼저 시작하다."",""기대나 희망을 두다."",""문제 삼아 따지거나 내기를 하다.""]}","수업 적합 뜻 선별; 창작 예문 및 뜻풀이 공식 사전 대조 필요"
"Q289","다른 뜻 기반 창작 문항","","","level1","걸다","두 사람은 누가 더 빨리 도착하는지 내기를 걸었다.","문제 삼아 따지거나 내기를 하다.","[""물체를 떨어지지 않도록 어디에 매달다."",""전화가 통하도록 신호를 보내다."",""말이나 인사를 먼저 시작하다."",""기대나 희망을 두다."",""문제 삼아 따지거나 내기를 하다.""]","{""headword"":""걸다1"",""senses"":[""물체를 떨어지지 않도록 어디에 매달다."",""전화가 통하도록 신호를 보내다."",""말이나 인사를 먼저 시작하다."",""기대나 희망을 두다."",""문제 삼아 따지거나 내기를 하다.""]}","수업 적합 뜻 선별; 창작 예문 및 뜻풀이 공식 사전 대조 필요"
"Q290","다른 뜻 기반 창작 문항","","","level1","걸다","심판의 판정에 문제를 거는 목소리가 나왔다.","문제 삼아 따지거나 내기를 하다.","[""물체를 떨어지지 않도록 어디에 매달다."",""전화가 통하도록 신호를 보내다."",""말이나 인사를 먼저 시작하다."",""기대나 희망을 두다."",""문제 삼아 따지거나 내기를 하다.""]","{""headword"":""걸다1"",""senses"":[""물체를 떨어지지 않도록 어디에 매달다."",""전화가 통하도록 신호를 보내다."",""말이나 인사를 먼저 시작하다."",""기대나 희망을 두다."",""문제 삼아 따지거나 내기를 하다.""]}","수업 적합 뜻 선별; 창작 예문 및 뜻풀이 공식 사전 대조 필요"
"Q291","다른 뜻 기반 창작 문항","","","level1","들다","질문이 있는 학생은 손을 들었다.","손에 가지거나 위쪽으로 올리다.","[""손에 가지거나 위쪽으로 올리다."",""밖에서 안으로 가거나 오다."",""마음에 만족스럽거나 좋게 느껴지다."",""시간이나 돈, 힘 따위가 필요하다."",""잠이나 버릇 따위가 생기다.""]","{""headword"":""들다1"",""senses"":[""손에 가지거나 위쪽으로 올리다."",""밖에서 안으로 가거나 오다."",""마음에 만족스럽거나 좋게 느껴지다."",""시간이나 돈, 힘 따위가 필요하다."",""잠이나 버릇 따위가 생기다.""]}","수업 적합 뜻 선별; 창작 예문 및 뜻풀이 공식 사전 대조 필요"
"Q292","다른 뜻 기반 창작 문항","","","level1","들다","나는 무거운 상자를 두 손으로 들었다.","손에 가지거나 위쪽으로 올리다.","[""손에 가지거나 위쪽으로 올리다."",""밖에서 안으로 가거나 오다."",""마음에 만족스럽거나 좋게 느껴지다."",""시간이나 돈, 힘 따위가 필요하다."",""잠이나 버릇 따위가 생기다.""]","{""headword"":""들다1"",""senses"":[""손에 가지거나 위쪽으로 올리다."",""밖에서 안으로 가거나 오다."",""마음에 만족스럽거나 좋게 느껴지다."",""시간이나 돈, 힘 따위가 필요하다."",""잠이나 버릇 따위가 생기다.""]}","수업 적합 뜻 선별; 창작 예문 및 뜻풀이 공식 사전 대조 필요"
"Q293","다른 뜻 기반 창작 문항","","","level1","들다","동생은 우산을 높이 들고 비를 피했다.","손에 가지거나 위쪽으로 올리다.","[""손에 가지거나 위쪽으로 올리다."",""밖에서 안으로 가거나 오다."",""마음에 만족스럽거나 좋게 느껴지다."",""시간이나 돈, 힘 따위가 필요하다."",""잠이나 버릇 따위가 생기다.""]","{""headword"":""들다1"",""senses"":[""손에 가지거나 위쪽으로 올리다."",""밖에서 안으로 가거나 오다."",""마음에 만족스럽거나 좋게 느껴지다."",""시간이나 돈, 힘 따위가 필요하다."",""잠이나 버릇 따위가 생기다.""]}","수업 적합 뜻 선별; 창작 예문 및 뜻풀이 공식 사전 대조 필요"
"Q294","다른 뜻 기반 창작 문항","","","level1","들다","종이 울리자 학생들이 교실에 들었다.","밖에서 안으로 가거나 오다.","[""손에 가지거나 위쪽으로 올리다."",""밖에서 안으로 가거나 오다."",""마음에 만족스럽거나 좋게 느껴지다."",""시간이나 돈, 힘 따위가 필요하다."",""잠이나 버릇 따위가 생기다.""]","{""headword"":""들다1"",""senses"":[""손에 가지거나 위쪽으로 올리다."",""밖에서 안으로 가거나 오다."",""마음에 만족스럽거나 좋게 느껴지다."",""시간이나 돈, 힘 따위가 필요하다."",""잠이나 버릇 따위가 생기다.""]}","수업 적합 뜻 선별; 창작 예문 및 뜻풀이 공식 사전 대조 필요"
"Q295","다른 뜻 기반 창작 문항","","","level1","들다","비가 세게 내려 우리는 건물 안으로 들었다.","밖에서 안으로 가거나 오다.","[""손에 가지거나 위쪽으로 올리다."",""밖에서 안으로 가거나 오다."",""마음에 만족스럽거나 좋게 느껴지다."",""시간이나 돈, 힘 따위가 필요하다."",""잠이나 버릇 따위가 생기다.""]","{""headword"":""들다1"",""senses"":[""손에 가지거나 위쪽으로 올리다."",""밖에서 안으로 가거나 오다."",""마음에 만족스럽거나 좋게 느껴지다."",""시간이나 돈, 힘 따위가 필요하다."",""잠이나 버릇 따위가 생기다.""]}","수업 적합 뜻 선별; 창작 예문 및 뜻풀이 공식 사전 대조 필요"
"Q297","다른 뜻 기반 창작 문항","","","level1","들다","나는 새로 산 공책의 표지가 마음에 들었다.","마음에 만족스럽거나 좋게 느껴지다.","[""손에 가지거나 위쪽으로 올리다."",""밖에서 안으로 가거나 오다."",""마음에 만족스럽거나 좋게 느껴지다."",""시간이나 돈, 힘 따위가 필요하다."",""잠이나 버릇 따위가 생기다.""]","{""headword"":""들다1"",""senses"":[""손에 가지거나 위쪽으로 올리다."",""밖에서 안으로 가거나 오다."",""마음에 만족스럽거나 좋게 느껴지다."",""시간이나 돈, 힘 따위가 필요하다."",""잠이나 버릇 따위가 생기다.""]}","수업 적합 뜻 선별; 창작 예문 및 뜻풀이 공식 사전 대조 필요"
"Q298","다른 뜻 기반 창작 문항","","","level1","들다","여러 작품 가운데 이 그림이 가장 마음에 든다.","마음에 만족스럽거나 좋게 느껴지다.","[""손에 가지거나 위쪽으로 올리다."",""밖에서 안으로 가거나 오다."",""마음에 만족스럽거나 좋게 느껴지다."",""시간이나 돈, 힘 따위가 필요하다."",""잠이나 버릇 따위가 생기다.""]","{""headword"":""들다1"",""senses"":[""손에 가지거나 위쪽으로 올리다."",""밖에서 안으로 가거나 오다."",""마음에 만족스럽거나 좋게 느껴지다."",""시간이나 돈, 힘 따위가 필요하다."",""잠이나 버릇 따위가 생기다.""]}","수업 적합 뜻 선별; 창작 예문 및 뜻풀이 공식 사전 대조 필요"
"Q299","다른 뜻 기반 창작 문항","","","level1","들다","친구가 골라 준 선물이 무척 마음에 들었다.","마음에 만족스럽거나 좋게 느껴지다.","[""손에 가지거나 위쪽으로 올리다."",""밖에서 안으로 가거나 오다."",""마음에 만족스럽거나 좋게 느껴지다."",""시간이나 돈, 힘 따위가 필요하다."",""잠이나 버릇 따위가 생기다.""]","{""headword"":""들다1"",""senses"":[""손에 가지거나 위쪽으로 올리다."",""밖에서 안으로 가거나 오다."",""마음에 만족스럽거나 좋게 느껴지다."",""시간이나 돈, 힘 따위가 필요하다."",""잠이나 버릇 따위가 생기다.""]}","수업 적합 뜻 선별; 창작 예문 및 뜻풀이 공식 사전 대조 필요"
"Q300","다른 뜻 기반 창작 문항","","","level1","들다","이 모형을 완성하는 데 사흘이 들었다.","시간이나 돈, 힘 따위가 필요하다.","[""손에 가지거나 위쪽으로 올리다."",""밖에서 안으로 가거나 오다."",""마음에 만족스럽거나 좋게 느껴지다."",""시간이나 돈, 힘 따위가 필요하다."",""잠이나 버릇 따위가 생기다.""]","{""headword"":""들다1"",""senses"":[""손에 가지거나 위쪽으로 올리다."",""밖에서 안으로 가거나 오다."",""마음에 만족스럽거나 좋게 느껴지다."",""시간이나 돈, 힘 따위가 필요하다."",""잠이나 버릇 따위가 생기다.""]}","수업 적합 뜻 선별; 창작 예문 및 뜻풀이 공식 사전 대조 필요"
"Q301","다른 뜻 기반 창작 문항","","","level1","들다","오래된 책을 고치는 데 많은 정성이 들었다.","시간이나 돈, 힘 따위가 필요하다.","[""손에 가지거나 위쪽으로 올리다."",""밖에서 안으로 가거나 오다."",""마음에 만족스럽거나 좋게 느껴지다."",""시간이나 돈, 힘 따위가 필요하다."",""잠이나 버릇 따위가 생기다.""]","{""headword"":""들다1"",""senses"":[""손에 가지거나 위쪽으로 올리다."",""밖에서 안으로 가거나 오다."",""마음에 만족스럽거나 좋게 느껴지다."",""시간이나 돈, 힘 따위가 필요하다."",""잠이나 버릇 따위가 생기다.""]}","수업 적합 뜻 선별; 창작 예문 및 뜻풀이 공식 사전 대조 필요"
"Q302","다른 뜻 기반 창작 문항","","","level1","들다","학교까지 걸어가면 시간이 조금 더 든다.","시간이나 돈, 힘 따위가 필요하다.","[""손에 가지거나 위쪽으로 올리다."",""밖에서 안으로 가거나 오다."",""마음에 만족스럽거나 좋게 느껴지다."",""시간이나 돈, 힘 따위가 필요하다."",""잠이나 버릇 따위가 생기다.""]","{""headword"":""들다1"",""senses"":[""손에 가지거나 위쪽으로 올리다."",""밖에서 안으로 가거나 오다."",""마음에 만족스럽거나 좋게 느껴지다."",""시간이나 돈, 힘 따위가 필요하다."",""잠이나 버릇 따위가 생기다.""]}","수업 적합 뜻 선별; 창작 예문 및 뜻풀이 공식 사전 대조 필요"
"Q303","다른 뜻 기반 창작 문항","","","level1","들다","동생은 책을 읽다가 금세 잠이 들었다.","잠이나 버릇 따위가 생기다.","[""손에 가지거나 위쪽으로 올리다."",""밖에서 안으로 가거나 오다."",""마음에 만족스럽거나 좋게 느껴지다."",""시간이나 돈, 힘 따위가 필요하다."",""잠이나 버릇 따위가 생기다.""]","{""headword"":""들다1"",""senses"":[""손에 가지거나 위쪽으로 올리다."",""밖에서 안으로 가거나 오다."",""마음에 만족스럽거나 좋게 느껴지다."",""시간이나 돈, 힘 따위가 필요하다."",""잠이나 버릇 따위가 생기다.""]}","수업 적합 뜻 선별; 창작 예문 및 뜻풀이 공식 사전 대조 필요"
"Q304","다른 뜻 기반 창작 문항","","","level1","들다","매일 일기를 쓰니 좋은 습관이 들었다.","잠이나 버릇 따위가 생기다.","[""손에 가지거나 위쪽으로 올리다."",""밖에서 안으로 가거나 오다."",""마음에 만족스럽거나 좋게 느껴지다."",""시간이나 돈, 힘 따위가 필요하다."",""잠이나 버릇 따위가 생기다.""]","{""headword"":""들다1"",""senses"":[""손에 가지거나 위쪽으로 올리다."",""밖에서 안으로 가거나 오다."",""마음에 만족스럽거나 좋게 느껴지다."",""시간이나 돈, 힘 따위가 필요하다."",""잠이나 버릇 따위가 생기다.""]}","수업 적합 뜻 선별; 창작 예문 및 뜻풀이 공식 사전 대조 필요"
"Q305","다른 뜻 기반 창작 문항","","","level1","들다","화분을 돌보다 보니 식물을 관찰하는 버릇이 들었다.","잠이나 버릇 따위가 생기다.","[""손에 가지거나 위쪽으로 올리다."",""밖에서 안으로 가거나 오다."",""마음에 만족스럽거나 좋게 느껴지다."",""시간이나 돈, 힘 따위가 필요하다."",""잠이나 버릇 따위가 생기다.""]","{""headword"":""들다1"",""senses"":[""손에 가지거나 위쪽으로 올리다."",""밖에서 안으로 가거나 오다."",""마음에 만족스럽거나 좋게 느껴지다."",""시간이나 돈, 힘 따위가 필요하다."",""잠이나 버릇 따위가 생기다.""]}","수업 적합 뜻 선별; 창작 예문 및 뜻풀이 공식 사전 대조 필요"
"Q306","다른 뜻 기반 창작 문항","","","level1","쓰다","나는 공책에 오늘의 느낌을 썼다.","종이나 화면에 글자나 그림을 나타내다.","[""종이나 화면에 글자나 그림을 나타내다."",""모자나 안경 따위를 머리나 얼굴에 얹거나 끼다."",""어떤 일을 하는 데 도구나 재료, 시간 따위를 이용하다."",""맛이 혀에 거슬리게 느껴지다."",""다른 사람에게 일정한 일을 시키다.""]","[{""headword"":""쓰다1"",""senses"":[""종이나 화면에 글자나 그림을 나타내다.""]},{""headword"":""쓰다2"",""senses"":[""모자나 안경 따위를 머리나 얼굴에 얹거나 끼다.""]},{""headword"":""쓰다3"",""senses"":[""어떤 일을 하는 데 도구나 재료, 시간 따위를 이용하다.""]},{""headword"":""쓰다4"",""senses"":[""맛이 혀에 거슬리게 느껴지다.""]},{""headword"":""쓰다5"",""senses"":[""다른 사람에게 일정한 일을 시키다.""]}]","수업 적합 뜻 선별; 창작 예문 및 뜻풀이 공식 사전 대조 필요"
"Q307","다른 뜻 기반 창작 문항","","","level1","쓰다","친구에게 전할 편지를 정성껏 썼다.","종이나 화면에 글자나 그림을 나타내다.","[""종이나 화면에 글자나 그림을 나타내다."",""모자나 안경 따위를 머리나 얼굴에 얹거나 끼다."",""어떤 일을 하는 데 도구나 재료, 시간 따위를 이용하다."",""맛이 혀에 거슬리게 느껴지다."",""다른 사람에게 일정한 일을 시키다.""]","[{""headword"":""쓰다1"",""senses"":[""종이나 화면에 글자나 그림을 나타내다.""]},{""headword"":""쓰다2"",""senses"":[""모자나 안경 따위를 머리나 얼굴에 얹거나 끼다.""]},{""headword"":""쓰다3"",""senses"":[""어떤 일을 하는 데 도구나 재료, 시간 따위를 이용하다.""]},{""headword"":""쓰다4"",""senses"":[""맛이 혀에 거슬리게 느껴지다.""]},{""headword"":""쓰다5"",""senses"":[""다른 사람에게 일정한 일을 시키다.""]}]","수업 적합 뜻 선별; 창작 예문 및 뜻풀이 공식 사전 대조 필요"
"Q308","다른 뜻 기반 창작 문항","","","level1","쓰다","칠판에 우리 모둠의 의견을 크게 썼다.","종이나 화면에 글자나 그림을 나타내다.","[""종이나 화면에 글자나 그림을 나타내다."",""모자나 안경 따위를 머리나 얼굴에 얹거나 끼다."",""어떤 일을 하는 데 도구나 재료, 시간 따위를 이용하다."",""맛이 혀에 거슬리게 느껴지다."",""다른 사람에게 일정한 일을 시키다.""]","[{""headword"":""쓰다1"",""senses"":[""종이나 화면에 글자나 그림을 나타내다.""]},{""headword"":""쓰다2"",""senses"":[""모자나 안경 따위를 머리나 얼굴에 얹거나 끼다.""]},{""headword"":""쓰다3"",""senses"":[""어떤 일을 하는 데 도구나 재료, 시간 따위를 이용하다.""]},{""headword"":""쓰다4"",""senses"":[""맛이 혀에 거슬리게 느껴지다.""]},{""headword"":""쓰다5"",""senses"":[""다른 사람에게 일정한 일을 시키다.""]}]","수업 적합 뜻 선별; 창작 예문 및 뜻풀이 공식 사전 대조 필요"
"Q309","다른 뜻 기반 창작 문항","","","level1","쓰다","햇빛이 강해서 모자를 썼다.","모자나 안경 따위를 머리나 얼굴에 얹거나 끼다.","[""종이나 화면에 글자나 그림을 나타내다."",""모자나 안경 따위를 머리나 얼굴에 얹거나 끼다."",""어떤 일을 하는 데 도구나 재료, 시간 따위를 이용하다."",""맛이 혀에 거슬리게 느껴지다."",""다른 사람에게 일정한 일을 시키다.""]","[{""headword"":""쓰다1"",""senses"":[""종이나 화면에 글자나 그림을 나타내다.""]},{""headword"":""쓰다2"",""senses"":[""모자나 안경 따위를 머리나 얼굴에 얹거나 끼다.""]},{""headword"":""쓰다3"",""senses"":[""어떤 일을 하는 데 도구나 재료, 시간 따위를 이용하다.""]},{""headword"":""쓰다4"",""senses"":[""맛이 혀에 거슬리게 느껴지다.""]},{""headword"":""쓰다5"",""senses"":[""다른 사람에게 일정한 일을 시키다.""]}]","수업 적합 뜻 선별; 창작 예문 및 뜻풀이 공식 사전 대조 필요"
"Q310","다른 뜻 기반 창작 문항","","","level1","쓰다","동생은 수영장에서 물안경을 썼다.","모자나 안경 따위를 머리나 얼굴에 얹거나 끼다.","[""종이나 화면에 글자나 그림을 나타내다."",""모자나 안경 따위를 머리나 얼굴에 얹거나 끼다."",""어떤 일을 하는 데 도구나 재료, 시간 따위를 이용하다."",""맛이 혀에 거슬리게 느껴지다."",""다른 사람에게 일정한 일을 시키다.""]","[{""headword"":""쓰다1"",""senses"":[""종이나 화면에 글자나 그림을 나타내다.""]},{""headword"":""쓰다2"",""senses"":[""모자나 안경 따위를 머리나 얼굴에 얹거나 끼다.""]},{""headword"":""쓰다3"",""senses"":[""어떤 일을 하는 데 도구나 재료, 시간 따위를 이용하다.""]},{""headword"":""쓰다4"",""senses"":[""맛이 혀에 거슬리게 느껴지다.""]},{""headword"":""쓰다5"",""senses"":[""다른 사람에게 일정한 일을 시키다.""]}]","수업 적합 뜻 선별; 창작 예문 및 뜻풀이 공식 사전 대조 필요"
"Q311","다른 뜻 기반 창작 문항","","","level1","쓰다","미세 먼지가 많아 마스크를 썼다.","모자나 안경 따위를 머리나 얼굴에 얹거나 끼다.","[""종이나 화면에 글자나 그림을 나타내다."",""모자나 안경 따위를 머리나 얼굴에 얹거나 끼다."",""어떤 일을 하는 데 도구나 재료, 시간 따위를 이용하다."",""맛이 혀에 거슬리게 느껴지다."",""다른 사람에게 일정한 일을 시키다.""]","[{""headword"":""쓰다1"",""senses"":[""종이나 화면에 글자나 그림을 나타내다.""]},{""headword"":""쓰다2"",""senses"":[""모자나 안경 따위를 머리나 얼굴에 얹거나 끼다.""]},{""headword"":""쓰다3"",""senses"":[""어떤 일을 하는 데 도구나 재료, 시간 따위를 이용하다.""]},{""headword"":""쓰다4"",""senses"":[""맛이 혀에 거슬리게 느껴지다.""]},{""headword"":""쓰다5"",""senses"":[""다른 사람에게 일정한 일을 시키다.""]}]","수업 적합 뜻 선별; 창작 예문 및 뜻풀이 공식 사전 대조 필요"
"Q312","다른 뜻 기반 창작 문항","","","level1","쓰다","나는 발표 자료에 사진을 썼다.","어떤 일을 하는 데 도구나 재료, 시간 따위를 이용하다.","[""종이나 화면에 글자나 그림을 나타내다."",""모자나 안경 따위를 머리나 얼굴에 얹거나 끼다."",""어떤 일을 하는 데 도구나 재료, 시간 따위를 이용하다."",""맛이 혀에 거슬리게 느껴지다."",""다른 사람에게 일정한 일을 시키다.""]","[{""headword"":""쓰다1"",""senses"":[""종이나 화면에 글자나 그림을 나타내다.""]},{""headword"":""쓰다2"",""senses"":[""모자나 안경 따위를 머리나 얼굴에 얹거나 끼다.""]},{""headword"":""쓰다3"",""senses"":[""어떤 일을 하는 데 도구나 재료, 시간 따위를 이용하다.""]},{""headword"":""쓰다4"",""senses"":[""맛이 혀에 거슬리게 느껴지다.""]},{""headword"":""쓰다5"",""senses"":[""다른 사람에게 일정한 일을 시키다.""]}]","수업 적합 뜻 선별; 창작 예문 및 뜻풀이 공식 사전 대조 필요"
"Q313","다른 뜻 기반 창작 문항","","","level1","쓰다","연극에서 파란 천을 바다를 표현하는 데 썼다.","어떤 일을 하는 데 도구나 재료, 시간 따위를 이용하다.","[""종이나 화면에 글자나 그림을 나타내다."",""모자나 안경 따위를 머리나 얼굴에 얹거나 끼다."",""어떤 일을 하는 데 도구나 재료, 시간 따위를 이용하다."",""맛이 혀에 거슬리게 느껴지다."",""다른 사람에게 일정한 일을 시키다.""]","[{""headword"":""쓰다1"",""senses"":[""종이나 화면에 글자나 그림을 나타내다.""]},{""headword"":""쓰다2"",""senses"":[""모자나 안경 따위를 머리나 얼굴에 얹거나 끼다.""]},{""headword"":""쓰다3"",""senses"":[""어떤 일을 하는 데 도구나 재료, 시간 따위를 이용하다.""]},{""headword"":""쓰다4"",""senses"":[""맛이 혀에 거슬리게 느껴지다.""]},{""headword"":""쓰다5"",""senses"":[""다른 사람에게 일정한 일을 시키다.""]}]","수업 적합 뜻 선별; 창작 예문 및 뜻풀이 공식 사전 대조 필요"
"Q314","다른 뜻 기반 창작 문항","","","level1","쓰다","어려운 문제를 푸는 데 많은 시간을 썼다.","어떤 일을 하는 데 도구나 재료, 시간 따위를 이용하다.","[""종이나 화면에 글자나 그림을 나타내다."",""모자나 안경 따위를 머리나 얼굴에 얹거나 끼다."",""어떤 일을 하는 데 도구나 재료, 시간 따위를 이용하다."",""맛이 혀에 거슬리게 느껴지다."",""다른 사람에게 일정한 일을 시키다.""]","[{""headword"":""쓰다1"",""senses"":[""종이나 화면에 글자나 그림을 나타내다.""]},{""headword"":""쓰다2"",""senses"":[""모자나 안경 따위를 머리나 얼굴에 얹거나 끼다.""]},{""headword"":""쓰다3"",""senses"":[""어떤 일을 하는 데 도구나 재료, 시간 따위를 이용하다.""]},{""headword"":""쓰다4"",""senses"":[""맛이 혀에 거슬리게 느껴지다.""]},{""headword"":""쓰다5"",""senses"":[""다른 사람에게 일정한 일을 시키다.""]}]","수업 적합 뜻 선별; 창작 예문 및 뜻풀이 공식 사전 대조 필요"
"Q315","다른 뜻 기반 창작 문항","","","level1","쓰다","감기약은 맛이 써서 물과 함께 삼켰다.","맛이 혀에 거슬리게 느껴지다.","[""종이나 화면에 글자나 그림을 나타내다."",""모자나 안경 따위를 머리나 얼굴에 얹거나 끼다."",""어떤 일을 하는 데 도구나 재료, 시간 따위를 이용하다."",""맛이 혀에 거슬리게 느껴지다."",""다른 사람에게 일정한 일을 시키다.""]","[{""headword"":""쓰다1"",""senses"":[""종이나 화면에 글자나 그림을 나타내다.""]},{""headword"":""쓰다2"",""senses"":[""모자나 안경 따위를 머리나 얼굴에 얹거나 끼다.""]},{""headword"":""쓰다3"",""senses"":[""어떤 일을 하는 데 도구나 재료, 시간 따위를 이용하다.""]},{""headword"":""쓰다4"",""senses"":[""맛이 혀에 거슬리게 느껴지다.""]},{""headword"":""쓰다5"",""senses"":[""다른 사람에게 일정한 일을 시키다.""]}]","수업 적합 뜻 선별; 창작 예문 및 뜻풀이 공식 사전 대조 필요"
"Q316","다른 뜻 기반 창작 문항","","","level1","쓰다","이 나물은 조금 써서 양념을 더했다.","맛이 혀에 거슬리게 느껴지다.","[""종이나 화면에 글자나 그림을 나타내다."",""모자나 안경 따위를 머리나 얼굴에 얹거나 끼다."",""어떤 일을 하는 데 도구나 재료, 시간 따위를 이용하다."",""맛이 혀에 거슬리게 느껴지다."",""다른 사람에게 일정한 일을 시키다.""]","[{""headword"":""쓰다1"",""senses"":[""종이나 화면에 글자나 그림을 나타내다.""]},{""headword"":""쓰다2"",""senses"":[""모자나 안경 따위를 머리나 얼굴에 얹거나 끼다.""]},{""headword"":""쓰다3"",""senses"":[""어떤 일을 하는 데 도구나 재료, 시간 따위를 이용하다.""]},{""headword"":""쓰다4"",""senses"":[""맛이 혀에 거슬리게 느껴지다.""]},{""headword"":""쓰다5"",""senses"":[""다른 사람에게 일정한 일을 시키다.""]}]","수업 적합 뜻 선별; 창작 예문 및 뜻풀이 공식 사전 대조 필요"
"Q317","다른 뜻 기반 창작 문항","","","level1","쓰다","동생은 쓴 차보다 달콤한 음료를 좋아한다.","맛이 혀에 거슬리게 느껴지다.","[""종이나 화면에 글자나 그림을 나타내다."",""모자나 안경 따위를 머리나 얼굴에 얹거나 끼다."",""어떤 일을 하는 데 도구나 재료, 시간 따위를 이용하다."",""맛이 혀에 거슬리게 느껴지다."",""다른 사람에게 일정한 일을 시키다.""]","[{""headword"":""쓰다1"",""senses"":[""종이나 화면에 글자나 그림을 나타내다.""]},{""headword"":""쓰다2"",""senses"":[""모자나 안경 따위를 머리나 얼굴에 얹거나 끼다.""]},{""headword"":""쓰다3"",""senses"":[""어떤 일을 하는 데 도구나 재료, 시간 따위를 이용하다.""]},{""headword"":""쓰다4"",""senses"":[""맛이 혀에 거슬리게 느껴지다.""]},{""headword"":""쓰다5"",""senses"":[""다른 사람에게 일정한 일을 시키다.""]}]","수업 적합 뜻 선별; 창작 예문 및 뜻풀이 공식 사전 대조 필요"
"Q318","다른 뜻 기반 창작 문항","","","level1","쓰다","옛날에는 일꾼을 써서 논밭을 돌보기도 했다.","다른 사람에게 일정한 일을 시키다.","[""종이나 화면에 글자나 그림을 나타내다."",""모자나 안경 따위를 머리나 얼굴에 얹거나 끼다."",""어떤 일을 하는 데 도구나 재료, 시간 따위를 이용하다."",""맛이 혀에 거슬리게 느껴지다."",""다른 사람에게 일정한 일을 시키다.""]","[{""headword"":""쓰다1"",""senses"":[""종이나 화면에 글자나 그림을 나타내다.""]},{""headword"":""쓰다2"",""senses"":[""모자나 안경 따위를 머리나 얼굴에 얹거나 끼다.""]},{""headword"":""쓰다3"",""senses"":[""어떤 일을 하는 데 도구나 재료, 시간 따위를 이용하다.""]},{""headword"":""쓰다4"",""senses"":[""맛이 혀에 거슬리게 느껴지다.""]},{""headword"":""쓰다5"",""senses"":[""다른 사람에게 일정한 일을 시키다.""]}]","수업 적합 뜻 선별; 창작 예문 및 뜻풀이 공식 사전 대조 필요"
"Q319","다른 뜻 기반 창작 문항","","","level1","쓰다","가게 주인은 바쁜 날에 사람을 더 썼다.","다른 사람에게 일정한 일을 시키다.","[""종이나 화면에 글자나 그림을 나타내다."",""모자나 안경 따위를 머리나 얼굴에 얹거나 끼다."",""어떤 일을 하는 데 도구나 재료, 시간 따위를 이용하다."",""맛이 혀에 거슬리게 느껴지다."",""다른 사람에게 일정한 일을 시키다.""]","[{""headword"":""쓰다1"",""senses"":[""종이나 화면에 글자나 그림을 나타내다.""]},{""headword"":""쓰다2"",""senses"":[""모자나 안경 따위를 머리나 얼굴에 얹거나 끼다.""]},{""headword"":""쓰다3"",""senses"":[""어떤 일을 하는 데 도구나 재료, 시간 따위를 이용하다.""]},{""headword"":""쓰다4"",""senses"":[""맛이 혀에 거슬리게 느껴지다.""]},{""headword"":""쓰다5"",""senses"":[""다른 사람에게 일정한 일을 시키다.""]}]","수업 적합 뜻 선별; 창작 예문 및 뜻풀이 공식 사전 대조 필요"
"Q320","다른 뜻 기반 창작 문항","","","level1","쓰다","할아버지는 전문가를 써서 낡은 지붕을 고치셨다.","다른 사람에게 일정한 일을 시키다.","[""종이나 화면에 글자나 그림을 나타내다."",""모자나 안경 따위를 머리나 얼굴에 얹거나 끼다."",""어떤 일을 하는 데 도구나 재료, 시간 따위를 이용하다."",""맛이 혀에 거슬리게 느껴지다."",""다른 사람에게 일정한 일을 시키다.""]","[{""headword"":""쓰다1"",""senses"":[""종이나 화면에 글자나 그림을 나타내다.""]},{""headword"":""쓰다2"",""senses"":[""모자나 안경 따위를 머리나 얼굴에 얹거나 끼다.""]},{""headword"":""쓰다3"",""senses"":[""어떤 일을 하는 데 도구나 재료, 시간 따위를 이용하다.""]},{""headword"":""쓰다4"",""senses"":[""맛이 혀에 거슬리게 느껴지다.""]},{""headword"":""쓰다5"",""senses"":[""다른 사람에게 일정한 일을 시키다.""]}]","수업 적합 뜻 선별; 창작 예문 및 뜻풀이 공식 사전 대조 필요"
"Q321","다른 뜻 기반 창작 문항","","","level1","잡다","동생은 넘어지지 않으려고 내 손을 잡았다.","손으로 움켜쥐다.","[""손으로 움켜쥐다."",""달아나는 사람이나 동물을 붙들다."",""계획이나 날짜 따위를 정하다."",""마음이나 태도를 바로 정하다."",""방향이나 위치를 알아내다.""]","{""headword"":""잡다1"",""senses"":[""손으로 움켜쥐다."",""달아나는 사람이나 동물을 붙들다."",""계획이나 날짜 따위를 정하다."",""마음이나 태도를 바로 정하다."",""방향이나 위치를 알아내다.""]}","수업 적합 뜻 선별; 창작 예문 및 뜻풀이 공식 사전 대조 필요"
"Q322","다른 뜻 기반 창작 문항","","","level1","잡다","나는 바람에 날리는 종이를 재빨리 잡았다.","손으로 움켜쥐다.","[""손으로 움켜쥐다."",""달아나는 사람이나 동물을 붙들다."",""계획이나 날짜 따위를 정하다."",""마음이나 태도를 바로 정하다."",""방향이나 위치를 알아내다.""]","{""headword"":""잡다1"",""senses"":[""손으로 움켜쥐다."",""달아나는 사람이나 동물을 붙들다."",""계획이나 날짜 따위를 정하다."",""마음이나 태도를 바로 정하다."",""방향이나 위치를 알아내다.""]}","수업 적합 뜻 선별; 창작 예문 및 뜻풀이 공식 사전 대조 필요"
"Q323","다른 뜻 기반 창작 문항","","","level1","잡다","아이는 버스 손잡이를 꼭 잡았다.","손으로 움켜쥐다.","[""손으로 움켜쥐다."",""달아나는 사람이나 동물을 붙들다."",""계획이나 날짜 따위를 정하다."",""마음이나 태도를 바로 정하다."",""방향이나 위치를 알아내다.""]","{""headword"":""잡다1"",""senses"":[""손으로 움켜쥐다."",""달아나는 사람이나 동물을 붙들다."",""계획이나 날짜 따위를 정하다."",""마음이나 태도를 바로 정하다."",""방향이나 위치를 알아내다.""]}","수업 적합 뜻 선별; 창작 예문 및 뜻풀이 공식 사전 대조 필요"
"Q324","다른 뜻 기반 창작 문항","","","level1","잡다","경찰은 달아나던 범인을 잡았다.","달아나는 사람이나 동물을 붙들다.","[""손으로 움켜쥐다."",""달아나는 사람이나 동물을 붙들다."",""계획이나 날짜 따위를 정하다."",""마음이나 태도를 바로 정하다."",""방향이나 위치를 알아내다.""]","{""headword"":""잡다1"",""senses"":[""손으로 움켜쥐다."",""달아나는 사람이나 동물을 붙들다."",""계획이나 날짜 따위를 정하다."",""마음이나 태도를 바로 정하다."",""방향이나 위치를 알아내다.""]}","수업 적합 뜻 선별; 창작 예문 및 뜻풀이 공식 사전 대조 필요"
"Q325","다른 뜻 기반 창작 문항","","","level1","잡다","고양이는 장난감 쥐를 잡으려고 몸을 낮췄다.","달아나는 사람이나 동물을 붙들다.","[""손으로 움켜쥐다."",""달아나는 사람이나 동물을 붙들다."",""계획이나 날짜 따위를 정하다."",""마음이나 태도를 바로 정하다."",""방향이나 위치를 알아내다.""]","{""headword"":""잡다1"",""senses"":[""손으로 움켜쥐다."",""달아나는 사람이나 동물을 붙들다."",""계획이나 날짜 따위를 정하다."",""마음이나 태도를 바로 정하다."",""방향이나 위치를 알아내다.""]}","수업 적합 뜻 선별; 창작 예문 및 뜻풀이 공식 사전 대조 필요"
"Q326","다른 뜻 기반 창작 문항","","","level1","잡다","어부들은 그물로 물고기를 잡았다.","달아나는 사람이나 동물을 붙들다.","[""손으로 움켜쥐다."",""달아나는 사람이나 동물을 붙들다."",""계획이나 날짜 따위를 정하다."",""마음이나 태도를 바로 정하다."",""방향이나 위치를 알아내다.""]","{""headword"":""잡다1"",""senses"":[""손으로 움켜쥐다."",""달아나는 사람이나 동물을 붙들다."",""계획이나 날짜 따위를 정하다."",""마음이나 태도를 바로 정하다."",""방향이나 위치를 알아내다.""]}","수업 적합 뜻 선별; 창작 예문 및 뜻풀이 공식 사전 대조 필요"
"Q327","다른 뜻 기반 창작 문항","","","level1","잡다","우리 모둠은 발표 날짜를 다음 주로 잡았다.","계획이나 날짜 따위를 정하다.","[""손으로 움켜쥐다."",""달아나는 사람이나 동물을 붙들다."",""계획이나 날짜 따위를 정하다."",""마음이나 태도를 바로 정하다."",""방향이나 위치를 알아내다.""]","{""headword"":""잡다1"",""senses"":[""손으로 움켜쥐다."",""달아나는 사람이나 동물을 붙들다."",""계획이나 날짜 따위를 정하다."",""마음이나 태도를 바로 정하다."",""방향이나 위치를 알아내다.""]}","수업 적합 뜻 선별; 창작 예문 및 뜻풀이 공식 사전 대조 필요"
"Q328","다른 뜻 기반 창작 문항","","","level1","잡다","가족들은 여행 계획을 여유 있게 잡았다.","계획이나 날짜 따위를 정하다.","[""손으로 움켜쥐다."",""달아나는 사람이나 동물을 붙들다."",""계획이나 날짜 따위를 정하다."",""마음이나 태도를 바로 정하다."",""방향이나 위치를 알아내다.""]","{""headword"":""잡다1"",""senses"":[""손으로 움켜쥐다."",""달아나는 사람이나 동물을 붙들다."",""계획이나 날짜 따위를 정하다."",""마음이나 태도를 바로 정하다."",""방향이나 위치를 알아내다.""]}","수업 적합 뜻 선별; 창작 예문 및 뜻풀이 공식 사전 대조 필요"
"Q329","다른 뜻 기반 창작 문항","","","level1","잡다","회의 시간을 오후 세 시로 잡았다.","계획이나 날짜 따위를 정하다.","[""손으로 움켜쥐다."",""달아나는 사람이나 동물을 붙들다."",""계획이나 날짜 따위를 정하다."",""마음이나 태도를 바로 정하다."",""방향이나 위치를 알아내다.""]","{""headword"":""잡다1"",""senses"":[""손으로 움켜쥐다."",""달아나는 사람이나 동물을 붙들다."",""계획이나 날짜 따위를 정하다."",""마음이나 태도를 바로 정하다."",""방향이나 위치를 알아내다.""]}","수업 적합 뜻 선별; 창작 예문 및 뜻풀이 공식 사전 대조 필요"
"Q330","다른 뜻 기반 창작 문항","","","level1","잡다","나는 긴장하지 않도록 마음을 단단히 잡았다.","마음이나 태도를 바로 정하다.","[""손으로 움켜쥐다."",""달아나는 사람이나 동물을 붙들다."",""계획이나 날짜 따위를 정하다."",""마음이나 태도를 바로 정하다."",""방향이나 위치를 알아내다.""]","{""headword"":""잡다1"",""senses"":[""손으로 움켜쥐다."",""달아나는 사람이나 동물을 붙들다."",""계획이나 날짜 따위를 정하다."",""마음이나 태도를 바로 정하다."",""방향이나 위치를 알아내다.""]}","수업 적합 뜻 선별; 창작 예문 및 뜻풀이 공식 사전 대조 필요"
"Q331","다른 뜻 기반 창작 문항","","","level1","잡다","선수들은 흐트러진 분위기를 다시 잡았다.","마음이나 태도를 바로 정하다.","[""손으로 움켜쥐다."",""달아나는 사람이나 동물을 붙들다."",""계획이나 날짜 따위를 정하다."",""마음이나 태도를 바로 정하다."",""방향이나 위치를 알아내다.""]","{""headword"":""잡다1"",""senses"":[""손으로 움켜쥐다."",""달아나는 사람이나 동물을 붙들다."",""계획이나 날짜 따위를 정하다."",""마음이나 태도를 바로 정하다."",""방향이나 위치를 알아내다.""]}","수업 적합 뜻 선별; 창작 예문 및 뜻풀이 공식 사전 대조 필요"
"Q333","다른 뜻 기반 창작 문항","","","level1","잡다","지도 앱을 보며 학교 방향을 잡았다.","방향이나 위치를 알아내다.","[""손으로 움켜쥐다."",""달아나는 사람이나 동물을 붙들다."",""계획이나 날짜 따위를 정하다."",""마음이나 태도를 바로 정하다."",""방향이나 위치를 알아내다.""]","{""headword"":""잡다1"",""senses"":[""손으로 움켜쥐다."",""달아나는 사람이나 동물을 붙들다."",""계획이나 날짜 따위를 정하다."",""마음이나 태도를 바로 정하다."",""방향이나 위치를 알아내다.""]}","수업 적합 뜻 선별; 창작 예문 및 뜻풀이 공식 사전 대조 필요"
"Q334","다른 뜻 기반 창작 문항","","","level1","잡다","나침반으로 북쪽을 잡은 뒤 길을 찾았다.","방향이나 위치를 알아내다.","[""손으로 움켜쥐다."",""달아나는 사람이나 동물을 붙들다."",""계획이나 날짜 따위를 정하다."",""마음이나 태도를 바로 정하다."",""방향이나 위치를 알아내다.""]","{""headword"":""잡다1"",""senses"":[""손으로 움켜쥐다."",""달아나는 사람이나 동물을 붙들다."",""계획이나 날짜 따위를 정하다."",""마음이나 태도를 바로 정하다."",""방향이나 위치를 알아내다.""]}","수업 적합 뜻 선별; 창작 예문 및 뜻풀이 공식 사전 대조 필요"
"Q335","다른 뜻 기반 창작 문항","","","level1","잡다","사진사는 햇빛을 살펴 촬영 위치를 잡았다.","방향이나 위치를 알아내다.","[""손으로 움켜쥐다."",""달아나는 사람이나 동물을 붙들다."",""계획이나 날짜 따위를 정하다."",""마음이나 태도를 바로 정하다."",""방향이나 위치를 알아내다.""]","{""headword"":""잡다1"",""senses"":[""손으로 움켜쥐다."",""달아나는 사람이나 동물을 붙들다."",""계획이나 날짜 따위를 정하다."",""마음이나 태도를 바로 정하다."",""방향이나 위치를 알아내다.""]}","수업 적합 뜻 선별; 창작 예문 및 뜻풀이 공식 사전 대조 필요"
"Q336","다른 뜻 기반 창작 문항","","","level1","풀다","나는 신발 끈을 풀고 실내화로 갈아 신었다.","묶이거나 감긴 것을 그렇지 않게 하다.","[""묶이거나 감긴 것을 그렇지 않게 하다."",""문제의 답을 알아내다."",""긴장이나 화, 피로 따위를 누그러뜨리다."",""갇히거나 매인 것을 자유롭게 하다."",""알기 쉽게 설명하거나 펼쳐 말하다.""]","{""headword"":""풀다1"",""senses"":[""묶이거나 감긴 것을 그렇지 않게 하다."",""문제의 답을 알아내다."",""긴장이나 화, 피로 따위를 누그러뜨리다."",""갇히거나 매인 것을 자유롭게 하다."",""알기 쉽게 설명하거나 펼쳐 말하다.""]}","수업 적합 뜻 선별; 창작 예문 및 뜻풀이 공식 사전 대조 필요"
"Q337","다른 뜻 기반 창작 문항","","","level1","풀다","선물 상자의 리본을 조심스럽게 풀었다.","묶이거나 감긴 것을 그렇지 않게 하다.","[""묶이거나 감긴 것을 그렇지 않게 하다."",""문제의 답을 알아내다."",""긴장이나 화, 피로 따위를 누그러뜨리다."",""갇히거나 매인 것을 자유롭게 하다."",""알기 쉽게 설명하거나 펼쳐 말하다.""]","{""headword"":""풀다1"",""senses"":[""묶이거나 감긴 것을 그렇지 않게 하다."",""문제의 답을 알아내다."",""긴장이나 화, 피로 따위를 누그러뜨리다."",""갇히거나 매인 것을 자유롭게 하다."",""알기 쉽게 설명하거나 펼쳐 말하다.""]}","수업 적합 뜻 선별; 창작 예문 및 뜻풀이 공식 사전 대조 필요"
"Q338","다른 뜻 기반 창작 문항","","","level1","풀다","엉킨 실을 천천히 풀어 다시 감았다.","묶이거나 감긴 것을 그렇지 않게 하다.","[""묶이거나 감긴 것을 그렇지 않게 하다."",""문제의 답을 알아내다."",""긴장이나 화, 피로 따위를 누그러뜨리다."",""갇히거나 매인 것을 자유롭게 하다."",""알기 쉽게 설명하거나 펼쳐 말하다.""]","{""headword"":""풀다1"",""senses"":[""묶이거나 감긴 것을 그렇지 않게 하다."",""문제의 답을 알아내다."",""긴장이나 화, 피로 따위를 누그러뜨리다."",""갇히거나 매인 것을 자유롭게 하다."",""알기 쉽게 설명하거나 펼쳐 말하다.""]}","수업 적합 뜻 선별; 창작 예문 및 뜻풀이 공식 사전 대조 필요"
"Q339","다른 뜻 기반 창작 문항","","","level1","풀다","어려운 수학 문제를 끝까지 풀었다.","문제의 답을 알아내다.","[""묶이거나 감긴 것을 그렇지 않게 하다."",""문제의 답을 알아내다."",""긴장이나 화, 피로 따위를 누그러뜨리다."",""갇히거나 매인 것을 자유롭게 하다."",""알기 쉽게 설명하거나 펼쳐 말하다.""]","{""headword"":""풀다1"",""senses"":[""묶이거나 감긴 것을 그렇지 않게 하다."",""문제의 답을 알아내다."",""긴장이나 화, 피로 따위를 누그러뜨리다."",""갇히거나 매인 것을 자유롭게 하다."",""알기 쉽게 설명하거나 펼쳐 말하다.""]}","수업 적합 뜻 선별; 창작 예문 및 뜻풀이 공식 사전 대조 필요"
"Q340","다른 뜻 기반 창작 문항","","","level1","풀다","친구들과 힘을 모아 수수께끼를 풀었다.","문제의 답을 알아내다.","[""묶이거나 감긴 것을 그렇지 않게 하다."",""문제의 답을 알아내다."",""긴장이나 화, 피로 따위를 누그러뜨리다."",""갇히거나 매인 것을 자유롭게 하다."",""알기 쉽게 설명하거나 펼쳐 말하다.""]","{""headword"":""풀다1"",""senses"":[""묶이거나 감긴 것을 그렇지 않게 하다."",""문제의 답을 알아내다."",""긴장이나 화, 피로 따위를 누그러뜨리다."",""갇히거나 매인 것을 자유롭게 하다."",""알기 쉽게 설명하거나 펼쳐 말하다.""]}","수업 적합 뜻 선별; 창작 예문 및 뜻풀이 공식 사전 대조 필요"
"Q341","다른 뜻 기반 창작 문항","","","level1","풀다","탐정은 작은 단서를 모아 사건을 풀었다.","문제의 답을 알아내다.","[""묶이거나 감긴 것을 그렇지 않게 하다."",""문제의 답을 알아내다."",""긴장이나 화, 피로 따위를 누그러뜨리다."",""갇히거나 매인 것을 자유롭게 하다."",""알기 쉽게 설명하거나 펼쳐 말하다.""]","{""headword"":""풀다1"",""senses"":[""묶이거나 감긴 것을 그렇지 않게 하다."",""문제의 답을 알아내다."",""긴장이나 화, 피로 따위를 누그러뜨리다."",""갇히거나 매인 것을 자유롭게 하다."",""알기 쉽게 설명하거나 펼쳐 말하다.""]}","수업 적합 뜻 선별; 창작 예문 및 뜻풀이 공식 사전 대조 필요"
"Q342","다른 뜻 기반 창작 문항","","","level1","풀다","나는 심호흡을 하며 긴장을 풀었다.","긴장이나 화, 피로 따위를 누그러뜨리다.","[""묶이거나 감긴 것을 그렇지 않게 하다."",""문제의 답을 알아내다."",""긴장이나 화, 피로 따위를 누그러뜨리다."",""갇히거나 매인 것을 자유롭게 하다."",""알기 쉽게 설명하거나 펼쳐 말하다.""]","{""headword"":""풀다1"",""senses"":[""묶이거나 감긴 것을 그렇지 않게 하다."",""문제의 답을 알아내다."",""긴장이나 화, 피로 따위를 누그러뜨리다."",""갇히거나 매인 것을 자유롭게 하다."",""알기 쉽게 설명하거나 펼쳐 말하다.""]}","수업 적합 뜻 선별; 창작 예문 및 뜻풀이 공식 사전 대조 필요"
"Q343","다른 뜻 기반 창작 문항","","","level1","풀다","친구와 이야기를 나누고 오해를 풀었다.","긴장이나 화, 피로 따위를 누그러뜨리다.","[""묶이거나 감긴 것을 그렇지 않게 하다."",""문제의 답을 알아내다."",""긴장이나 화, 피로 따위를 누그러뜨리다."",""갇히거나 매인 것을 자유롭게 하다."",""알기 쉽게 설명하거나 펼쳐 말하다.""]","{""headword"":""풀다1"",""senses"":[""묶이거나 감긴 것을 그렇지 않게 하다."",""문제의 답을 알아내다."",""긴장이나 화, 피로 따위를 누그러뜨리다."",""갇히거나 매인 것을 자유롭게 하다."",""알기 쉽게 설명하거나 펼쳐 말하다.""]}","수업 적합 뜻 선별; 창작 예문 및 뜻풀이 공식 사전 대조 필요"
"Q344","다른 뜻 기반 창작 문항","","","level1","풀다","따뜻한 물에 발을 담그니 피로가 풀렸다.","긴장이나 화, 피로 따위를 누그러뜨리다.","[""묶이거나 감긴 것을 그렇지 않게 하다."",""문제의 답을 알아내다."",""긴장이나 화, 피로 따위를 누그러뜨리다."",""갇히거나 매인 것을 자유롭게 하다."",""알기 쉽게 설명하거나 펼쳐 말하다.""]","{""headword"":""풀다1"",""senses"":[""묶이거나 감긴 것을 그렇지 않게 하다."",""문제의 답을 알아내다."",""긴장이나 화, 피로 따위를 누그러뜨리다."",""갇히거나 매인 것을 자유롭게 하다."",""알기 쉽게 설명하거나 펼쳐 말하다.""]}","수업 적합 뜻 선별; 창작 예문 및 뜻풀이 공식 사전 대조 필요"
"Q345","다른 뜻 기반 창작 문항","","","level1","풀다","구조대는 그물에 걸린 새를 풀어 주었다.","갇히거나 매인 것을 자유롭게 하다.","[""묶이거나 감긴 것을 그렇지 않게 하다."",""문제의 답을 알아내다."",""긴장이나 화, 피로 따위를 누그러뜨리다."",""갇히거나 매인 것을 자유롭게 하다."",""알기 쉽게 설명하거나 펼쳐 말하다.""]","{""headword"":""풀다1"",""senses"":[""묶이거나 감긴 것을 그렇지 않게 하다."",""문제의 답을 알아내다."",""긴장이나 화, 피로 따위를 누그러뜨리다."",""갇히거나 매인 것을 자유롭게 하다."",""알기 쉽게 설명하거나 펼쳐 말하다.""]}","수업 적합 뜻 선별; 창작 예문 및 뜻풀이 공식 사전 대조 필요"
"Q346","다른 뜻 기반 창작 문항","","","level1","풀다","할아버지는 외양간에서 송아지를 풀어 주셨다.","갇히거나 매인 것을 자유롭게 하다.","[""묶이거나 감긴 것을 그렇지 않게 하다."",""문제의 답을 알아내다."",""긴장이나 화, 피로 따위를 누그러뜨리다."",""갇히거나 매인 것을 자유롭게 하다."",""알기 쉽게 설명하거나 펼쳐 말하다.""]","{""headword"":""풀다1"",""senses"":[""묶이거나 감긴 것을 그렇지 않게 하다."",""문제의 답을 알아내다."",""긴장이나 화, 피로 따위를 누그러뜨리다."",""갇히거나 매인 것을 자유롭게 하다."",""알기 쉽게 설명하거나 펼쳐 말하다.""]}","수업 적합 뜻 선별; 창작 예문 및 뜻풀이 공식 사전 대조 필요"
"Q347","다른 뜻 기반 창작 문항","","","level1","풀다","공연이 끝난 뒤 묶어 둔 풍선을 풀었다.","갇히거나 매인 것을 자유롭게 하다.","[""묶이거나 감긴 것을 그렇지 않게 하다."",""문제의 답을 알아내다."",""긴장이나 화, 피로 따위를 누그러뜨리다."",""갇히거나 매인 것을 자유롭게 하다."",""알기 쉽게 설명하거나 펼쳐 말하다.""]","{""headword"":""풀다1"",""senses"":[""묶이거나 감긴 것을 그렇지 않게 하다."",""문제의 답을 알아내다."",""긴장이나 화, 피로 따위를 누그러뜨리다."",""갇히거나 매인 것을 자유롭게 하다."",""알기 쉽게 설명하거나 펼쳐 말하다.""]}","수업 적합 뜻 선별; 창작 예문 및 뜻풀이 공식 사전 대조 필요"
"Q348","다른 뜻 기반 창작 문항","","","level1","풀다","선생님은 어려운 내용을 쉬운 말로 풀어 설명하셨다.","알기 쉽게 설명하거나 펼쳐 말하다.","[""묶이거나 감긴 것을 그렇지 않게 하다."",""문제의 답을 알아내다."",""긴장이나 화, 피로 따위를 누그러뜨리다."",""갇히거나 매인 것을 자유롭게 하다."",""알기 쉽게 설명하거나 펼쳐 말하다.""]","{""headword"":""풀다1"",""senses"":[""묶이거나 감긴 것을 그렇지 않게 하다."",""문제의 답을 알아내다."",""긴장이나 화, 피로 따위를 누그러뜨리다."",""갇히거나 매인 것을 자유롭게 하다."",""알기 쉽게 설명하거나 펼쳐 말하다.""]}","수업 적합 뜻 선별; 창작 예문 및 뜻풀이 공식 사전 대조 필요"
"Q349","다른 뜻 기반 창작 문항","","","level1","풀다","나는 여행 이야기를 차근차근 풀어 놓았다.","알기 쉽게 설명하거나 펼쳐 말하다.","[""묶이거나 감긴 것을 그렇지 않게 하다."",""문제의 답을 알아내다."",""긴장이나 화, 피로 따위를 누그러뜨리다."",""갇히거나 매인 것을 자유롭게 하다."",""알기 쉽게 설명하거나 펼쳐 말하다.""]","{""headword"":""풀다1"",""senses"":[""묶이거나 감긴 것을 그렇지 않게 하다."",""문제의 답을 알아내다."",""긴장이나 화, 피로 따위를 누그러뜨리다."",""갇히거나 매인 것을 자유롭게 하다."",""알기 쉽게 설명하거나 펼쳐 말하다.""]}","수업 적합 뜻 선별; 창작 예문 및 뜻풀이 공식 사전 대조 필요"
"Q350","다른 뜻 기반 창작 문항","","","level1","풀다","작가는 자신의 생각을 재미있는 이야기로 풀어냈다.","알기 쉽게 설명하거나 펼쳐 말하다.","[""묶이거나 감긴 것을 그렇지 않게 하다."",""문제의 답을 알아내다."",""긴장이나 화, 피로 따위를 누그러뜨리다."",""갇히거나 매인 것을 자유롭게 하다."",""알기 쉽게 설명하거나 펼쳐 말하다.""]","{""headword"":""풀다1"",""senses"":[""묶이거나 감긴 것을 그렇지 않게 하다."",""문제의 답을 알아내다."",""긴장이나 화, 피로 따위를 누그러뜨리다."",""갇히거나 매인 것을 자유롭게 하다."",""알기 쉽게 설명하거나 펼쳐 말하다.""]}","수업 적합 뜻 선별; 창작 예문 및 뜻풀이 공식 사전 대조 필요"
"Q351","다른 뜻 기반 창작 문항","","","level1","열다","나는 교실 창문을 활짝 열었다.","닫힌 문이나 뚜껑 따위를 벌리다.","[""닫힌 문이나 뚜껑 따위를 벌리다."",""말을 시작하다."",""회의나 행사 따위를 시작하다."",""새로운 길이나 시대 따위를 시작하다."",""가게나 기관이 일을 시작하다.""]","{""headword"":""열다1"",""senses"":[""닫힌 문이나 뚜껑 따위를 벌리다."",""말을 시작하다."",""회의나 행사 따위를 시작하다."",""새로운 길이나 시대 따위를 시작하다."",""가게나 기관이 일을 시작하다.""]}","수업 적합 뜻 선별; 창작 예문 및 뜻풀이 공식 사전 대조 필요"
"Q352","다른 뜻 기반 창작 문항","","","level1","열다","상자 뚜껑을 열자 작은 선물이 보였다.","닫힌 문이나 뚜껑 따위를 벌리다.","[""닫힌 문이나 뚜껑 따위를 벌리다."",""말을 시작하다."",""회의나 행사 따위를 시작하다."",""새로운 길이나 시대 따위를 시작하다."",""가게나 기관이 일을 시작하다.""]","{""headword"":""열다1"",""senses"":[""닫힌 문이나 뚜껑 따위를 벌리다."",""말을 시작하다."",""회의나 행사 따위를 시작하다."",""새로운 길이나 시대 따위를 시작하다."",""가게나 기관이 일을 시작하다.""]}","수업 적합 뜻 선별; 창작 예문 및 뜻풀이 공식 사전 대조 필요"
"Q353","다른 뜻 기반 창작 문항","","","level1","열다","동생은 냉장고 문을 열고 물을 꺼냈다.","닫힌 문이나 뚜껑 따위를 벌리다.","[""닫힌 문이나 뚜껑 따위를 벌리다."",""말을 시작하다."",""회의나 행사 따위를 시작하다."",""새로운 길이나 시대 따위를 시작하다."",""가게나 기관이 일을 시작하다.""]","{""headword"":""열다1"",""senses"":[""닫힌 문이나 뚜껑 따위를 벌리다."",""말을 시작하다."",""회의나 행사 따위를 시작하다."",""새로운 길이나 시대 따위를 시작하다."",""가게나 기관이 일을 시작하다.""]}","수업 적합 뜻 선별; 창작 예문 및 뜻풀이 공식 사전 대조 필요"
"Q354","다른 뜻 기반 창작 문항","","","level1","열다","잠시 망설이던 친구가 조심스럽게 입을 열었다.","말을 시작하다.","[""닫힌 문이나 뚜껑 따위를 벌리다."",""말을 시작하다."",""회의나 행사 따위를 시작하다."",""새로운 길이나 시대 따위를 시작하다."",""가게나 기관이 일을 시작하다.""]","{""headword"":""열다1"",""senses"":[""닫힌 문이나 뚜껑 따위를 벌리다."",""말을 시작하다."",""회의나 행사 따위를 시작하다."",""새로운 길이나 시대 따위를 시작하다."",""가게나 기관이 일을 시작하다.""]}","수업 적합 뜻 선별; 창작 예문 및 뜻풀이 공식 사전 대조 필요"
"Q355","다른 뜻 기반 창작 문항","","","level1","열다","대표 선수는 감사하다는 말로 입을 열었다.","말을 시작하다.","[""닫힌 문이나 뚜껑 따위를 벌리다."",""말을 시작하다."",""회의나 행사 따위를 시작하다."",""새로운 길이나 시대 따위를 시작하다."",""가게나 기관이 일을 시작하다.""]","{""headword"":""열다1"",""senses"":[""닫힌 문이나 뚜껑 따위를 벌리다."",""말을 시작하다."",""회의나 행사 따위를 시작하다."",""새로운 길이나 시대 따위를 시작하다."",""가게나 기관이 일을 시작하다.""]}","수업 적합 뜻 선별; 창작 예문 및 뜻풀이 공식 사전 대조 필요"
"Q356","다른 뜻 기반 창작 문항","","","level1","열다","할머니께서 옛이야기로 말문을 여셨다.","말을 시작하다.","[""닫힌 문이나 뚜껑 따위를 벌리다."",""말을 시작하다."",""회의나 행사 따위를 시작하다."",""새로운 길이나 시대 따위를 시작하다."",""가게나 기관이 일을 시작하다.""]","{""headword"":""열다1"",""senses"":[""닫힌 문이나 뚜껑 따위를 벌리다."",""말을 시작하다."",""회의나 행사 따위를 시작하다."",""새로운 길이나 시대 따위를 시작하다."",""가게나 기관이 일을 시작하다.""]}","수업 적합 뜻 선별; 창작 예문 및 뜻풀이 공식 사전 대조 필요"
"Q357","다른 뜻 기반 창작 문항","","","level1","열다","우리 학교는 운동장에서 작은 음악회를 열었다.","회의나 행사 따위를 시작하다.","[""닫힌 문이나 뚜껑 따위를 벌리다."",""말을 시작하다."",""회의나 행사 따위를 시작하다."",""새로운 길이나 시대 따위를 시작하다."",""가게나 기관이 일을 시작하다.""]","{""headword"":""열다1"",""senses"":[""닫힌 문이나 뚜껑 따위를 벌리다."",""말을 시작하다."",""회의나 행사 따위를 시작하다."",""새로운 길이나 시대 따위를 시작하다."",""가게나 기관이 일을 시작하다.""]}","수업 적합 뜻 선별; 창작 예문 및 뜻풀이 공식 사전 대조 필요"
"Q358","다른 뜻 기반 창작 문항","","","level1","열다","학급 회의를 열어 현장 체험 학습 장소를 정했다.","회의나 행사 따위를 시작하다.","[""닫힌 문이나 뚜껑 따위를 벌리다."",""말을 시작하다."",""회의나 행사 따위를 시작하다."",""새로운 길이나 시대 따위를 시작하다."",""가게나 기관이 일을 시작하다.""]","{""headword"":""열다1"",""senses"":[""닫힌 문이나 뚜껑 따위를 벌리다."",""말을 시작하다."",""회의나 행사 따위를 시작하다."",""새로운 길이나 시대 따위를 시작하다."",""가게나 기관이 일을 시작하다.""]}","수업 적합 뜻 선별; 창작 예문 및 뜻풀이 공식 사전 대조 필요"
"Q359","다른 뜻 기반 창작 문항","","","level1","열다","마을에서는 주말마다 장터를 연다.","회의나 행사 따위를 시작하다.","[""닫힌 문이나 뚜껑 따위를 벌리다."",""말을 시작하다."",""회의나 행사 따위를 시작하다."",""새로운 길이나 시대 따위를 시작하다."",""가게나 기관이 일을 시작하다.""]","{""headword"":""열다1"",""senses"":[""닫힌 문이나 뚜껑 따위를 벌리다."",""말을 시작하다."",""회의나 행사 따위를 시작하다."",""새로운 길이나 시대 따위를 시작하다."",""가게나 기관이 일을 시작하다.""]}","수업 적합 뜻 선별; 창작 예문 및 뜻풀이 공식 사전 대조 필요"
"Q360","다른 뜻 기반 창작 문항","","","level1","열다","과학자들의 연구가 우주 탐사의 새 길을 열었다.","새로운 길이나 시대 따위를 시작하다.","[""닫힌 문이나 뚜껑 따위를 벌리다."",""말을 시작하다."",""회의나 행사 따위를 시작하다."",""새로운 길이나 시대 따위를 시작하다."",""가게나 기관이 일을 시작하다.""]","{""headword"":""열다1"",""senses"":[""닫힌 문이나 뚜껑 따위를 벌리다."",""말을 시작하다."",""회의나 행사 따위를 시작하다."",""새로운 길이나 시대 따위를 시작하다."",""가게나 기관이 일을 시작하다.""]}","수업 적합 뜻 선별; 창작 예문 및 뜻풀이 공식 사전 대조 필요"
"Q361","다른 뜻 기반 창작 문항","","","level1","열다","그 발명은 통신의 새로운 시대를 열었다.","새로운 길이나 시대 따위를 시작하다.","[""닫힌 문이나 뚜껑 따위를 벌리다."",""말을 시작하다."",""회의나 행사 따위를 시작하다."",""새로운 길이나 시대 따위를 시작하다."",""가게나 기관이 일을 시작하다.""]","{""headword"":""열다1"",""senses"":[""닫힌 문이나 뚜껑 따위를 벌리다."",""말을 시작하다."",""회의나 행사 따위를 시작하다."",""새로운 길이나 시대 따위를 시작하다."",""가게나 기관이 일을 시작하다.""]}","수업 적합 뜻 선별; 창작 예문 및 뜻풀이 공식 사전 대조 필요"
"Q362","다른 뜻 기반 창작 문항","","","level1","열다","작은 도전이 내 삶의 새 길을 열어 주었다.","새로운 길이나 시대 따위를 시작하다.","[""닫힌 문이나 뚜껑 따위를 벌리다."",""말을 시작하다."",""회의나 행사 따위를 시작하다."",""새로운 길이나 시대 따위를 시작하다."",""가게나 기관이 일을 시작하다.""]","{""headword"":""열다1"",""senses"":[""닫힌 문이나 뚜껑 따위를 벌리다."",""말을 시작하다."",""회의나 행사 따위를 시작하다."",""새로운 길이나 시대 따위를 시작하다."",""가게나 기관이 일을 시작하다.""]}","수업 적합 뜻 선별; 창작 예문 및 뜻풀이 공식 사전 대조 필요"
"Q363","다른 뜻 기반 창작 문항","","","level1","열다","빵집은 아침 일찍 문을 연다.","가게나 기관이 일을 시작하다.","[""닫힌 문이나 뚜껑 따위를 벌리다."",""말을 시작하다."",""회의나 행사 따위를 시작하다."",""새로운 길이나 시대 따위를 시작하다."",""가게나 기관이 일을 시작하다.""]","{""headword"":""열다1"",""senses"":[""닫힌 문이나 뚜껑 따위를 벌리다."",""말을 시작하다."",""회의나 행사 따위를 시작하다."",""새로운 길이나 시대 따위를 시작하다."",""가게나 기관이 일을 시작하다.""]}","수업 적합 뜻 선별; 창작 예문 및 뜻풀이 공식 사전 대조 필요"
"Q364","다른 뜻 기반 창작 문항","","","level1","열다","도서관은 방학에도 오전 아홉 시에 문을 연다.","가게나 기관이 일을 시작하다.","[""닫힌 문이나 뚜껑 따위를 벌리다."",""말을 시작하다."",""회의나 행사 따위를 시작하다."",""새로운 길이나 시대 따위를 시작하다."",""가게나 기관이 일을 시작하다.""]","{""headword"":""열다1"",""senses"":[""닫힌 문이나 뚜껑 따위를 벌리다."",""말을 시작하다."",""회의나 행사 따위를 시작하다."",""새로운 길이나 시대 따위를 시작하다."",""가게나 기관이 일을 시작하다.""]}","수업 적합 뜻 선별; 창작 예문 및 뜻풀이 공식 사전 대조 필요"
"Q365","다른 뜻 기반 창작 문항","","","level1","열다","새로 생긴 문구점이 오늘 처음 문을 열었다.","가게나 기관이 일을 시작하다.","[""닫힌 문이나 뚜껑 따위를 벌리다."",""말을 시작하다."",""회의나 행사 따위를 시작하다."",""새로운 길이나 시대 따위를 시작하다."",""가게나 기관이 일을 시작하다.""]","{""headword"":""열다1"",""senses"":[""닫힌 문이나 뚜껑 따위를 벌리다."",""말을 시작하다."",""회의나 행사 따위를 시작하다."",""새로운 길이나 시대 따위를 시작하다."",""가게나 기관이 일을 시작하다.""]}","수업 적합 뜻 선별; 창작 예문 및 뜻풀이 공식 사전 대조 필요"
"Q366","다른 뜻 기반 창작 문항","","","level1","맞다","내가 고른 답이 맞아서 기뻤다.","문제에 대한 답이 틀리지 않다.","[""문제에 대한 답이 틀리지 않다."",""오는 사람을 받아들이다."",""비나 바람, 햇빛 따위를 몸에 받다."",""크기나 조건 따위가 서로 어울리다."",""매나 공 따위에 부딪힘을 당하다.""]","[{""headword"":""맞다1"",""senses"":[""문제에 대한 답이 틀리지 않다.""]},{""headword"":""맞다2"",""senses"":[""오는 사람을 받아들이다.""]},{""headword"":""맞다3"",""senses"":[""비나 바람, 햇빛 따위를 몸에 받다.""]},{""headword"":""맞다4"",""senses"":[""크기나 조건 따위가 서로 어울리다.""]},{""headword"":""맞다5"",""senses"":[""매나 공 따위에 부딪힘을 당하다.""]}]","수업 적합 뜻 선별; 창작 예문 및 뜻풀이 공식 사전 대조 필요"
"Q367","다른 뜻 기반 창작 문항","","","level1","맞다","친구의 계산 결과가 맞는지 다시 확인했다.","문제에 대한 답이 틀리지 않다.","[""문제에 대한 답이 틀리지 않다."",""오는 사람을 받아들이다."",""비나 바람, 햇빛 따위를 몸에 받다."",""크기나 조건 따위가 서로 어울리다."",""매나 공 따위에 부딪힘을 당하다.""]","[{""headword"":""맞다1"",""senses"":[""문제에 대한 답이 틀리지 않다.""]},{""headword"":""맞다2"",""senses"":[""오는 사람을 받아들이다.""]},{""headword"":""맞다3"",""senses"":[""비나 바람, 햇빛 따위를 몸에 받다.""]},{""headword"":""맞다4"",""senses"":[""크기나 조건 따위가 서로 어울리다.""]},{""headword"":""맞다5"",""senses"":[""매나 공 따위에 부딪힘을 당하다.""]}]","수업 적합 뜻 선별; 창작 예문 및 뜻풀이 공식 사전 대조 필요"
"Q368","다른 뜻 기반 창작 문항","","","level1","맞다","설명에 맞는 그림을 찾아 동그라미 쳤다.","문제에 대한 답이 틀리지 않다.","[""문제에 대한 답이 틀리지 않다."",""오는 사람을 받아들이다."",""비나 바람, 햇빛 따위를 몸에 받다."",""크기나 조건 따위가 서로 어울리다."",""매나 공 따위에 부딪힘을 당하다.""]","[{""headword"":""맞다1"",""senses"":[""문제에 대한 답이 틀리지 않다.""]},{""headword"":""맞다2"",""senses"":[""오는 사람을 받아들이다.""]},{""headword"":""맞다3"",""senses"":[""비나 바람, 햇빛 따위를 몸에 받다.""]},{""headword"":""맞다4"",""senses"":[""크기나 조건 따위가 서로 어울리다.""]},{""headword"":""맞다5"",""senses"":[""매나 공 따위에 부딪힘을 당하다.""]}]","수업 적합 뜻 선별; 창작 예문 및 뜻풀이 공식 사전 대조 필요"
"Q369","다른 뜻 기반 창작 문항","","","level1","맞다","우리는 교문에서 전학생을 반갑게 맞았다.","오는 사람을 받아들이다.","[""문제에 대한 답이 틀리지 않다."",""오는 사람을 받아들이다."",""비나 바람, 햇빛 따위를 몸에 받다."",""크기나 조건 따위가 서로 어울리다."",""매나 공 따위에 부딪힘을 당하다.""]","[{""headword"":""맞다1"",""senses"":[""문제에 대한 답이 틀리지 않다.""]},{""headword"":""맞다2"",""senses"":[""오는 사람을 받아들이다.""]},{""headword"":""맞다3"",""senses"":[""비나 바람, 햇빛 따위를 몸에 받다.""]},{""headword"":""맞다4"",""senses"":[""크기나 조건 따위가 서로 어울리다.""]},{""headword"":""맞다5"",""senses"":[""매나 공 따위에 부딪힘을 당하다.""]}]","수업 적합 뜻 선별; 창작 예문 및 뜻풀이 공식 사전 대조 필요"
"Q370","다른 뜻 기반 창작 문항","","","level1","맞다","가족들은 여행에서 돌아온 형을 웃으며 맞았다.","오는 사람을 받아들이다.","[""문제에 대한 답이 틀리지 않다."",""오는 사람을 받아들이다."",""비나 바람, 햇빛 따위를 몸에 받다."",""크기나 조건 따위가 서로 어울리다."",""매나 공 따위에 부딪힘을 당하다.""]","[{""headword"":""맞다1"",""senses"":[""문제에 대한 답이 틀리지 않다.""]},{""headword"":""맞다2"",""senses"":[""오는 사람을 받아들이다.""]},{""headword"":""맞다3"",""senses"":[""비나 바람, 햇빛 따위를 몸에 받다.""]},{""headword"":""맞다4"",""senses"":[""크기나 조건 따위가 서로 어울리다.""]},{""headword"":""맞다5"",""senses"":[""매나 공 따위에 부딪힘을 당하다.""]}]","수업 적합 뜻 선별; 창작 예문 및 뜻풀이 공식 사전 대조 필요"
"Q371","다른 뜻 기반 창작 문항","","","level1","맞다","마을 사람들은 손님을 따뜻하게 맞아 주었다.","오는 사람을 받아들이다.","[""문제에 대한 답이 틀리지 않다."",""오는 사람을 받아들이다."",""비나 바람, 햇빛 따위를 몸에 받다."",""크기나 조건 따위가 서로 어울리다."",""매나 공 따위에 부딪힘을 당하다.""]","[{""headword"":""맞다1"",""senses"":[""문제에 대한 답이 틀리지 않다.""]},{""headword"":""맞다2"",""senses"":[""오는 사람을 받아들이다.""]},{""headword"":""맞다3"",""senses"":[""비나 바람, 햇빛 따위를 몸에 받다.""]},{""headword"":""맞다4"",""senses"":[""크기나 조건 따위가 서로 어울리다.""]},{""headword"":""맞다5"",""senses"":[""매나 공 따위에 부딪힘을 당하다.""]}]","수업 적합 뜻 선별; 창작 예문 및 뜻풀이 공식 사전 대조 필요"
"Q372","다른 뜻 기반 창작 문항","","","level1","맞다","갑자기 비를 맞아서 옷이 흠뻑 젖었다.","비나 바람, 햇빛 따위를 몸에 받다.","[""문제에 대한 답이 틀리지 않다."",""오는 사람을 받아들이다."",""비나 바람, 햇빛 따위를 몸에 받다."",""크기나 조건 따위가 서로 어울리다."",""매나 공 따위에 부딪힘을 당하다.""]","[{""headword"":""맞다1"",""senses"":[""문제에 대한 답이 틀리지 않다.""]},{""headword"":""맞다2"",""senses"":[""오는 사람을 받아들이다.""]},{""headword"":""맞다3"",""senses"":[""비나 바람, 햇빛 따위를 몸에 받다.""]},{""headword"":""맞다4"",""senses"":[""크기나 조건 따위가 서로 어울리다.""]},{""headword"":""맞다5"",""senses"":[""매나 공 따위에 부딪힘을 당하다.""]}]","수업 적합 뜻 선별; 창작 예문 및 뜻풀이 공식 사전 대조 필요"
"Q373","다른 뜻 기반 창작 문항","","","level1","맞다","우리는 시원한 바람을 맞으며 강가를 걸었다.","비나 바람, 햇빛 따위를 몸에 받다.","[""문제에 대한 답이 틀리지 않다."",""오는 사람을 받아들이다."",""비나 바람, 햇빛 따위를 몸에 받다."",""크기나 조건 따위가 서로 어울리다."",""매나 공 따위에 부딪힘을 당하다.""]","[{""headword"":""맞다1"",""senses"":[""문제에 대한 답이 틀리지 않다.""]},{""headword"":""맞다2"",""senses"":[""오는 사람을 받아들이다.""]},{""headword"":""맞다3"",""senses"":[""비나 바람, 햇빛 따위를 몸에 받다.""]},{""headword"":""맞다4"",""senses"":[""크기나 조건 따위가 서로 어울리다.""]},{""headword"":""맞다5"",""senses"":[""매나 공 따위에 부딪힘을 당하다.""]}]","수업 적합 뜻 선별; 창작 예문 및 뜻풀이 공식 사전 대조 필요"
"Q374","다른 뜻 기반 창작 문항","","","level1","맞다","아침 햇살을 맞으니 기분이 상쾌했다.","비나 바람, 햇빛 따위를 몸에 받다.","[""문제에 대한 답이 틀리지 않다."",""오는 사람을 받아들이다."",""비나 바람, 햇빛 따위를 몸에 받다."",""크기나 조건 따위가 서로 어울리다."",""매나 공 따위에 부딪힘을 당하다.""]","[{""headword"":""맞다1"",""senses"":[""문제에 대한 답이 틀리지 않다.""]},{""headword"":""맞다2"",""senses"":[""오는 사람을 받아들이다.""]},{""headword"":""맞다3"",""senses"":[""비나 바람, 햇빛 따위를 몸에 받다.""]},{""headword"":""맞다4"",""senses"":[""크기나 조건 따위가 서로 어울리다.""]},{""headword"":""맞다5"",""senses"":[""매나 공 따위에 부딪힘을 당하다.""]}]","수업 적합 뜻 선별; 창작 예문 및 뜻풀이 공식 사전 대조 필요"
"Q375","다른 뜻 기반 창작 문항","","","level1","맞다","이 신발은 내 발에 꼭 맞는다.","크기나 조건 따위가 서로 어울리다.","[""문제에 대한 답이 틀리지 않다."",""오는 사람을 받아들이다."",""비나 바람, 햇빛 따위를 몸에 받다."",""크기나 조건 따위가 서로 어울리다."",""매나 공 따위에 부딪힘을 당하다.""]","[{""headword"":""맞다1"",""senses"":[""문제에 대한 답이 틀리지 않다.""]},{""headword"":""맞다2"",""senses"":[""오는 사람을 받아들이다.""]},{""headword"":""맞다3"",""senses"":[""비나 바람, 햇빛 따위를 몸에 받다.""]},{""headword"":""맞다4"",""senses"":[""크기나 조건 따위가 서로 어울리다.""]},{""headword"":""맞다5"",""senses"":[""매나 공 따위에 부딪힘을 당하다.""]}]","수업 적합 뜻 선별; 창작 예문 및 뜻풀이 공식 사전 대조 필요"
"Q376","다른 뜻 기반 창작 문항","","","level1","맞다","우리 반 형편에 맞는 계획을 세웠다.","크기나 조건 따위가 서로 어울리다.","[""문제에 대한 답이 틀리지 않다."",""오는 사람을 받아들이다."",""비나 바람, 햇빛 따위를 몸에 받다."",""크기나 조건 따위가 서로 어울리다."",""매나 공 따위에 부딪힘을 당하다.""]","[{""headword"":""맞다1"",""senses"":[""문제에 대한 답이 틀리지 않다.""]},{""headword"":""맞다2"",""senses"":[""오는 사람을 받아들이다.""]},{""headword"":""맞다3"",""senses"":[""비나 바람, 햇빛 따위를 몸에 받다.""]},{""headword"":""맞다4"",""senses"":[""크기나 조건 따위가 서로 어울리다.""]},{""headword"":""맞다5"",""senses"":[""매나 공 따위에 부딪힘을 당하다.""]}]","수업 적합 뜻 선별; 창작 예문 및 뜻풀이 공식 사전 대조 필요"
"Q377","다른 뜻 기반 창작 문항","","","level1","맞다","빈칸에 알맞은 낱말을 골라 썼다.","크기나 조건 따위가 서로 어울리다.","[""문제에 대한 답이 틀리지 않다."",""오는 사람을 받아들이다."",""비나 바람, 햇빛 따위를 몸에 받다."",""크기나 조건 따위가 서로 어울리다."",""매나 공 따위에 부딪힘을 당하다.""]","[{""headword"":""맞다1"",""senses"":[""문제에 대한 답이 틀리지 않다.""]},{""headword"":""맞다2"",""senses"":[""오는 사람을 받아들이다.""]},{""headword"":""맞다3"",""senses"":[""비나 바람, 햇빛 따위를 몸에 받다.""]},{""headword"":""맞다4"",""senses"":[""크기나 조건 따위가 서로 어울리다.""]},{""headword"":""맞다5"",""senses"":[""매나 공 따위에 부딪힘을 당하다.""]}]","수업 적합 뜻 선별; 창작 예문 및 뜻풀이 공식 사전 대조 필요"
"Q378","다른 뜻 기반 창작 문항","","","level1","맞다","날아온 공에 팔을 맞았지만 크게 다치지는 않았다.","매나 공 따위에 부딪힘을 당하다.","[""문제에 대한 답이 틀리지 않다."",""오는 사람을 받아들이다."",""비나 바람, 햇빛 따위를 몸에 받다."",""크기나 조건 따위가 서로 어울리다."",""매나 공 따위에 부딪힘을 당하다.""]","[{""headword"":""맞다1"",""senses"":[""문제에 대한 답이 틀리지 않다.""]},{""headword"":""맞다2"",""senses"":[""오는 사람을 받아들이다.""]},{""headword"":""맞다3"",""senses"":[""비나 바람, 햇빛 따위를 몸에 받다.""]},{""headword"":""맞다4"",""senses"":[""크기나 조건 따위가 서로 어울리다.""]},{""headword"":""맞다5"",""senses"":[""매나 공 따위에 부딪힘을 당하다.""]}]","수업 적합 뜻 선별; 창작 예문 및 뜻풀이 공식 사전 대조 필요"
"Q379","다른 뜻 기반 창작 문항","","","level1","맞다","창문이 공에 맞아 흔들렸다.","매나 공 따위에 부딪힘을 당하다.","[""문제에 대한 답이 틀리지 않다."",""오는 사람을 받아들이다."",""비나 바람, 햇빛 따위를 몸에 받다."",""크기나 조건 따위가 서로 어울리다."",""매나 공 따위에 부딪힘을 당하다.""]","[{""headword"":""맞다1"",""senses"":[""문제에 대한 답이 틀리지 않다.""]},{""headword"":""맞다2"",""senses"":[""오는 사람을 받아들이다.""]},{""headword"":""맞다3"",""senses"":[""비나 바람, 햇빛 따위를 몸에 받다.""]},{""headword"":""맞다4"",""senses"":[""크기나 조건 따위가 서로 어울리다.""]},{""headword"":""맞다5"",""senses"":[""매나 공 따위에 부딪힘을 당하다.""]}]","수업 적합 뜻 선별; 창작 예문 및 뜻풀이 공식 사전 대조 필요"
"Q380","다른 뜻 기반 창작 문항","","","level1","맞다","친구는 물총을 맞고 깜짝 놀랐다.","매나 공 따위에 부딪힘을 당하다.","[""문제에 대한 답이 틀리지 않다."",""오는 사람을 받아들이다."",""비나 바람, 햇빛 따위를 몸에 받다."",""크기나 조건 따위가 서로 어울리다."",""매나 공 따위에 부딪힘을 당하다.""]","[{""headword"":""맞다1"",""senses"":[""문제에 대한 답이 틀리지 않다.""]},{""headword"":""맞다2"",""senses"":[""오는 사람을 받아들이다.""]},{""headword"":""맞다3"",""senses"":[""비나 바람, 햇빛 따위를 몸에 받다.""]},{""headword"":""맞다4"",""senses"":[""크기나 조건 따위가 서로 어울리다.""]},{""headword"":""맞다5"",""senses"":[""매나 공 따위에 부딪힘을 당하다.""]}]","수업 적합 뜻 선별; 창작 예문 및 뜻풀이 공식 사전 대조 필요"
"Q381","다른 뜻 기반 창작 문항","","","level1","놓다","나는 책상 위에 연필을 놓았다.","손으로 들거나 잡던 것을 어떤 곳에 두다.","[""손으로 들거나 잡던 것을 어떤 곳에 두다."",""걱정이나 긴장을 풀어 편안하게 하다."",""덫이나 그물 따위를 설치하다."",""불이나 다리 따위를 이어지게 만들다."",""앞말이 뜻하는 행동을 끝내고 그 결과가 계속 유지되게 하다.""]","[{""headword"":""놓다1"",""pos"":""동사"",""senses"":[""손으로 들거나 잡던 것을 어떤 곳에 두다."",""걱정이나 긴장을 풀어 편안하게 하다."",""덫이나 그물 따위를 설치하다."",""불이나 다리 따위를 이어지게 만들다.""]},{""headword"":""놓다2"",""pos"":""보조 동사"",""senses"":[""앞말이 뜻하는 행동을 끝내고 그 결과가 계속 유지되게 하다.""]}]","수업 적합 뜻 선별; 창작 예문 및 뜻풀이 공식 사전 대조 필요"
"Q382","다른 뜻 기반 창작 문항","","","level1","놓다","가방을 의자 옆에 놓고 자리에 앉았다.","손으로 들거나 잡던 것을 어떤 곳에 두다.","[""손으로 들거나 잡던 것을 어떤 곳에 두다."",""걱정이나 긴장을 풀어 편안하게 하다."",""덫이나 그물 따위를 설치하다."",""불이나 다리 따위를 이어지게 만들다."",""앞말이 뜻하는 행동을 끝내고 그 결과가 계속 유지되게 하다.""]","[{""headword"":""놓다1"",""pos"":""동사"",""senses"":[""손으로 들거나 잡던 것을 어떤 곳에 두다."",""걱정이나 긴장을 풀어 편안하게 하다."",""덫이나 그물 따위를 설치하다."",""불이나 다리 따위를 이어지게 만들다.""]},{""headword"":""놓다2"",""pos"":""보조 동사"",""senses"":[""앞말이 뜻하는 행동을 끝내고 그 결과가 계속 유지되게 하다.""]}]","수업 적합 뜻 선별; 창작 예문 및 뜻풀이 공식 사전 대조 필요"
"Q383","다른 뜻 기반 창작 문항","","","level1","놓다","택배 기사님은 상자를 문 앞에 놓으셨다.","손으로 들거나 잡던 것을 어떤 곳에 두다.","[""손으로 들거나 잡던 것을 어떤 곳에 두다."",""걱정이나 긴장을 풀어 편안하게 하다."",""덫이나 그물 따위를 설치하다."",""불이나 다리 따위를 이어지게 만들다."",""앞말이 뜻하는 행동을 끝내고 그 결과가 계속 유지되게 하다.""]","[{""headword"":""놓다1"",""pos"":""동사"",""senses"":[""손으로 들거나 잡던 것을 어떤 곳에 두다."",""걱정이나 긴장을 풀어 편안하게 하다."",""덫이나 그물 따위를 설치하다."",""불이나 다리 따위를 이어지게 만들다.""]},{""headword"":""놓다2"",""pos"":""보조 동사"",""senses"":[""앞말이 뜻하는 행동을 끝내고 그 결과가 계속 유지되게 하다.""]}]","수업 적합 뜻 선별; 창작 예문 및 뜻풀이 공식 사전 대조 필요"
"Q384","다른 뜻 기반 창작 문항","","","level1","놓다","동생이 무사히 돌아오자 마음을 놓았다.","걱정이나 긴장을 풀어 편안하게 하다.","[""손으로 들거나 잡던 것을 어떤 곳에 두다."",""걱정이나 긴장을 풀어 편안하게 하다."",""덫이나 그물 따위를 설치하다."",""불이나 다리 따위를 이어지게 만들다."",""앞말이 뜻하는 행동을 끝내고 그 결과가 계속 유지되게 하다.""]","[{""headword"":""놓다1"",""pos"":""동사"",""senses"":[""손으로 들거나 잡던 것을 어떤 곳에 두다."",""걱정이나 긴장을 풀어 편안하게 하다."",""덫이나 그물 따위를 설치하다."",""불이나 다리 따위를 이어지게 만들다.""]},{""headword"":""놓다2"",""pos"":""보조 동사"",""senses"":[""앞말이 뜻하는 행동을 끝내고 그 결과가 계속 유지되게 하다.""]}]","수업 적합 뜻 선별; 창작 예문 및 뜻풀이 공식 사전 대조 필요"
"Q385","다른 뜻 기반 창작 문항","","","level1","놓다","시험이 끝나니 한숨 놓을 수 있었다.","걱정이나 긴장을 풀어 편안하게 하다.","[""손으로 들거나 잡던 것을 어떤 곳에 두다."",""걱정이나 긴장을 풀어 편안하게 하다."",""덫이나 그물 따위를 설치하다."",""불이나 다리 따위를 이어지게 만들다."",""앞말이 뜻하는 행동을 끝내고 그 결과가 계속 유지되게 하다.""]","[{""headword"":""놓다1"",""pos"":""동사"",""senses"":[""손으로 들거나 잡던 것을 어떤 곳에 두다."",""걱정이나 긴장을 풀어 편안하게 하다."",""덫이나 그물 따위를 설치하다."",""불이나 다리 따위를 이어지게 만들다.""]},{""headword"":""놓다2"",""pos"":""보조 동사"",""senses"":[""앞말이 뜻하는 행동을 끝내고 그 결과가 계속 유지되게 하다.""]}]","수업 적합 뜻 선별; 창작 예문 및 뜻풀이 공식 사전 대조 필요"
"Q386","다른 뜻 기반 창작 문항","","","level1","놓다","선생님의 설명을 듣고 부모님은 안심하고 마음을 놓으셨다.","걱정이나 긴장을 풀어 편안하게 하다.","[""손으로 들거나 잡던 것을 어떤 곳에 두다."",""걱정이나 긴장을 풀어 편안하게 하다."",""덫이나 그물 따위를 설치하다."",""불이나 다리 따위를 이어지게 만들다."",""앞말이 뜻하는 행동을 끝내고 그 결과가 계속 유지되게 하다.""]","[{""headword"":""놓다1"",""pos"":""동사"",""senses"":[""손으로 들거나 잡던 것을 어떤 곳에 두다."",""걱정이나 긴장을 풀어 편안하게 하다."",""덫이나 그물 따위를 설치하다."",""불이나 다리 따위를 이어지게 만들다.""]},{""headword"":""놓다2"",""pos"":""보조 동사"",""senses"":[""앞말이 뜻하는 행동을 끝내고 그 결과가 계속 유지되게 하다.""]}]","수업 적합 뜻 선별; 창작 예문 및 뜻풀이 공식 사전 대조 필요"
"Q387","다른 뜻 기반 창작 문항","","","level1","놓다","창문을 조금 열어 놓아 교실을 환기했다.","앞말이 뜻하는 행동을 끝내고 그 결과가 계속 유지되게 하다.","[""손으로 들거나 잡던 것을 어떤 곳에 두다."",""걱정이나 긴장을 풀어 편안하게 하다."",""덫이나 그물 따위를 설치하다."",""불이나 다리 따위를 이어지게 만들다."",""앞말이 뜻하는 행동을 끝내고 그 결과가 계속 유지되게 하다.""]","[{""headword"":""놓다1"",""pos"":""동사"",""senses"":[""손으로 들거나 잡던 것을 어떤 곳에 두다."",""걱정이나 긴장을 풀어 편안하게 하다."",""덫이나 그물 따위를 설치하다."",""불이나 다리 따위를 이어지게 만들다.""]},{""headword"":""놓다2"",""pos"":""보조 동사"",""senses"":[""앞말이 뜻하는 행동을 끝내고 그 결과가 계속 유지되게 하다.""]}]","수업 적합 뜻 선별; 창작 예문 및 뜻풀이 공식 사전 대조 필요"
"Q388","다른 뜻 기반 창작 문항","","","level1","놓다","잊지 않도록 알림을 맞춰 놓았다.","앞말이 뜻하는 행동을 끝내고 그 결과가 계속 유지되게 하다.","[""손으로 들거나 잡던 것을 어떤 곳에 두다."",""걱정이나 긴장을 풀어 편안하게 하다."",""덫이나 그물 따위를 설치하다."",""불이나 다리 따위를 이어지게 만들다."",""앞말이 뜻하는 행동을 끝내고 그 결과가 계속 유지되게 하다.""]","[{""headword"":""놓다1"",""pos"":""동사"",""senses"":[""손으로 들거나 잡던 것을 어떤 곳에 두다."",""걱정이나 긴장을 풀어 편안하게 하다."",""덫이나 그물 따위를 설치하다."",""불이나 다리 따위를 이어지게 만들다.""]},{""headword"":""놓다2"",""pos"":""보조 동사"",""senses"":[""앞말이 뜻하는 행동을 끝내고 그 결과가 계속 유지되게 하다.""]}]","수업 적합 뜻 선별; 창작 예문 및 뜻풀이 공식 사전 대조 필요"
"Q389","다른 뜻 기반 창작 문항","","","level1","놓다","나는 읽던 책에 책갈피를 끼워 놓았다.","앞말이 뜻하는 행동을 끝내고 그 결과가 계속 유지되게 하다.","[""손으로 들거나 잡던 것을 어떤 곳에 두다."",""걱정이나 긴장을 풀어 편안하게 하다."",""덫이나 그물 따위를 설치하다."",""불이나 다리 따위를 이어지게 만들다."",""앞말이 뜻하는 행동을 끝내고 그 결과가 계속 유지되게 하다.""]","[{""headword"":""놓다1"",""pos"":""동사"",""senses"":[""손으로 들거나 잡던 것을 어떤 곳에 두다."",""걱정이나 긴장을 풀어 편안하게 하다."",""덫이나 그물 따위를 설치하다."",""불이나 다리 따위를 이어지게 만들다.""]},{""headword"":""놓다2"",""pos"":""보조 동사"",""senses"":[""앞말이 뜻하는 행동을 끝내고 그 결과가 계속 유지되게 하다.""]}]","수업 적합 뜻 선별; 창작 예문 및 뜻풀이 공식 사전 대조 필요"
"Q390","다른 뜻 기반 창작 문항","","","level1","놓다","어부들은 바다에 그물을 놓았다.","덫이나 그물 따위를 설치하다.","[""손으로 들거나 잡던 것을 어떤 곳에 두다."",""걱정이나 긴장을 풀어 편안하게 하다."",""덫이나 그물 따위를 설치하다."",""불이나 다리 따위를 이어지게 만들다."",""앞말이 뜻하는 행동을 끝내고 그 결과가 계속 유지되게 하다.""]","[{""headword"":""놓다1"",""pos"":""동사"",""senses"":[""손으로 들거나 잡던 것을 어떤 곳에 두다."",""걱정이나 긴장을 풀어 편안하게 하다."",""덫이나 그물 따위를 설치하다."",""불이나 다리 따위를 이어지게 만들다.""]},{""headword"":""놓다2"",""pos"":""보조 동사"",""senses"":[""앞말이 뜻하는 행동을 끝내고 그 결과가 계속 유지되게 하다.""]}]","수업 적합 뜻 선별; 창작 예문 및 뜻풀이 공식 사전 대조 필요"
"Q391","다른 뜻 기반 창작 문항","","","level1","놓다","연구원은 동물의 움직임을 살피려고 관찰 장비를 놓았다.","덫이나 그물 따위를 설치하다.","[""손으로 들거나 잡던 것을 어떤 곳에 두다."",""걱정이나 긴장을 풀어 편안하게 하다."",""덫이나 그물 따위를 설치하다."",""불이나 다리 따위를 이어지게 만들다."",""앞말이 뜻하는 행동을 끝내고 그 결과가 계속 유지되게 하다.""]","[{""headword"":""놓다1"",""pos"":""동사"",""senses"":[""손으로 들거나 잡던 것을 어떤 곳에 두다."",""걱정이나 긴장을 풀어 편안하게 하다."",""덫이나 그물 따위를 설치하다."",""불이나 다리 따위를 이어지게 만들다.""]},{""headword"":""놓다2"",""pos"":""보조 동사"",""senses"":[""앞말이 뜻하는 행동을 끝내고 그 결과가 계속 유지되게 하다.""]}]","수업 적합 뜻 선별; 창작 예문 및 뜻풀이 공식 사전 대조 필요"
"Q392","다른 뜻 기반 창작 문항","","","level1","놓다","농부는 밭 주변에 울타리를 놓았다.","덫이나 그물 따위를 설치하다.","[""손으로 들거나 잡던 것을 어떤 곳에 두다."",""걱정이나 긴장을 풀어 편안하게 하다."",""덫이나 그물 따위를 설치하다."",""불이나 다리 따위를 이어지게 만들다."",""앞말이 뜻하는 행동을 끝내고 그 결과가 계속 유지되게 하다.""]","[{""headword"":""놓다1"",""pos"":""동사"",""senses"":[""손으로 들거나 잡던 것을 어떤 곳에 두다."",""걱정이나 긴장을 풀어 편안하게 하다."",""덫이나 그물 따위를 설치하다."",""불이나 다리 따위를 이어지게 만들다.""]},{""headword"":""놓다2"",""pos"":""보조 동사"",""senses"":[""앞말이 뜻하는 행동을 끝내고 그 결과가 계속 유지되게 하다.""]}]","수업 적합 뜻 선별; 창작 예문 및 뜻풀이 공식 사전 대조 필요"
"Q393","다른 뜻 기반 창작 문항","","","level1","놓다","마을 사람들은 개울 위에 작은 다리를 놓았다.","불이나 다리 따위를 이어지게 만들다.","[""손으로 들거나 잡던 것을 어떤 곳에 두다."",""걱정이나 긴장을 풀어 편안하게 하다."",""덫이나 그물 따위를 설치하다."",""불이나 다리 따위를 이어지게 만들다."",""앞말이 뜻하는 행동을 끝내고 그 결과가 계속 유지되게 하다.""]","[{""headword"":""놓다1"",""pos"":""동사"",""senses"":[""손으로 들거나 잡던 것을 어떤 곳에 두다."",""걱정이나 긴장을 풀어 편안하게 하다."",""덫이나 그물 따위를 설치하다."",""불이나 다리 따위를 이어지게 만들다.""]},{""headword"":""놓다2"",""pos"":""보조 동사"",""senses"":[""앞말이 뜻하는 행동을 끝내고 그 결과가 계속 유지되게 하다.""]}]","수업 적합 뜻 선별; 창작 예문 및 뜻풀이 공식 사전 대조 필요"
"Q394","다른 뜻 기반 창작 문항","","","level1","놓다","기술자는 건물에 전기선을 놓았다.","불이나 다리 따위를 이어지게 만들다.","[""손으로 들거나 잡던 것을 어떤 곳에 두다."",""걱정이나 긴장을 풀어 편안하게 하다."",""덫이나 그물 따위를 설치하다."",""불이나 다리 따위를 이어지게 만들다."",""앞말이 뜻하는 행동을 끝내고 그 결과가 계속 유지되게 하다.""]","[{""headword"":""놓다1"",""pos"":""동사"",""senses"":[""손으로 들거나 잡던 것을 어떤 곳에 두다."",""걱정이나 긴장을 풀어 편안하게 하다."",""덫이나 그물 따위를 설치하다."",""불이나 다리 따위를 이어지게 만들다.""]},{""headword"":""놓다2"",""pos"":""보조 동사"",""senses"":[""앞말이 뜻하는 행동을 끝내고 그 결과가 계속 유지되게 하다.""]}]","수업 적합 뜻 선별; 창작 예문 및 뜻풀이 공식 사전 대조 필요"
"Q395","다른 뜻 기반 창작 문항","","","level1","놓다","공사를 하며 새 철길을 놓았다.","불이나 다리 따위를 이어지게 만들다.","[""손으로 들거나 잡던 것을 어떤 곳에 두다."",""걱정이나 긴장을 풀어 편안하게 하다."",""덫이나 그물 따위를 설치하다."",""불이나 다리 따위를 이어지게 만들다."",""앞말이 뜻하는 행동을 끝내고 그 결과가 계속 유지되게 하다.""]","[{""headword"":""놓다1"",""pos"":""동사"",""senses"":[""손으로 들거나 잡던 것을 어떤 곳에 두다."",""걱정이나 긴장을 풀어 편안하게 하다."",""덫이나 그물 따위를 설치하다."",""불이나 다리 따위를 이어지게 만들다.""]},{""headword"":""놓다2"",""pos"":""보조 동사"",""senses"":[""앞말이 뜻하는 행동을 끝내고 그 결과가 계속 유지되게 하다.""]}]","수업 적합 뜻 선별; 창작 예문 및 뜻풀이 공식 사전 대조 필요"
"Q396","다른 뜻 기반 창작 문항","","","level1","나다","화분에서 연한 새싹이 났다.","새로운 것이 생기다.","[""새로운 것이 생기다."",""소리나 냄새 따위가 퍼지다."",""감정이나 생각이 일어나다."",""밖으로 나오다."",""신문이나 책, 상품 따위가 새로 나오다.""]","{""headword"":""나다1"",""senses"":[""새로운 것이 생기다."",""소리나 냄새 따위가 퍼지다."",""감정이나 생각이 일어나다."",""밖으로 나오다."",""신문이나 책, 상품 따위가 새로 나오다.""]}","수업 적합 뜻 선별; 창작 예문 및 뜻풀이 공식 사전 대조 필요"
"Q398","다른 뜻 기반 창작 문항","","","level1","나다","운동장 한쪽에 작은 웅덩이가 났다.","새로운 것이 생기다.","[""새로운 것이 생기다."",""소리나 냄새 따위가 퍼지다."",""감정이나 생각이 일어나다."",""밖으로 나오다."",""신문이나 책, 상품 따위가 새로 나오다.""]","{""headword"":""나다1"",""senses"":[""새로운 것이 생기다."",""소리나 냄새 따위가 퍼지다."",""감정이나 생각이 일어나다."",""밖으로 나오다."",""신문이나 책, 상품 따위가 새로 나오다.""]}","수업 적합 뜻 선별; 창작 예문 및 뜻풀이 공식 사전 대조 필요"
"Q399","다른 뜻 기반 창작 문항","","","level1","나다","부엌에서 맛있는 냄새가 났다.","소리나 냄새 따위가 퍼지다.","[""새로운 것이 생기다."",""소리나 냄새 따위가 퍼지다."",""감정이나 생각이 일어나다."",""밖으로 나오다."",""신문이나 책, 상품 따위가 새로 나오다.""]","{""headword"":""나다1"",""senses"":[""새로운 것이 생기다."",""소리나 냄새 따위가 퍼지다."",""감정이나 생각이 일어나다."",""밖으로 나오다."",""신문이나 책, 상품 따위가 새로 나오다.""]}","수업 적합 뜻 선별; 창작 예문 및 뜻풀이 공식 사전 대조 필요"
"Q400","다른 뜻 기반 창작 문항","","","level1","나다","복도에서 큰 웃음소리가 났다.","소리나 냄새 따위가 퍼지다.","[""새로운 것이 생기다."",""소리나 냄새 따위가 퍼지다."",""감정이나 생각이 일어나다."",""밖으로 나오다."",""신문이나 책, 상품 따위가 새로 나오다.""]","{""headword"":""나다1"",""senses"":[""새로운 것이 생기다."",""소리나 냄새 따위가 퍼지다."",""감정이나 생각이 일어나다."",""밖으로 나오다."",""신문이나 책, 상품 따위가 새로 나오다.""]}","수업 적합 뜻 선별; 창작 예문 및 뜻풀이 공식 사전 대조 필요"
"Q401","다른 뜻 기반 창작 문항","","","level1","나다","낡은 문을 여니 삐걱거리는 소리가 났다.","소리나 냄새 따위가 퍼지다.","[""새로운 것이 생기다."",""소리나 냄새 따위가 퍼지다."",""감정이나 생각이 일어나다."",""밖으로 나오다."",""신문이나 책, 상품 따위가 새로 나오다.""]","{""headword"":""나다1"",""senses"":[""새로운 것이 생기다."",""소리나 냄새 따위가 퍼지다."",""감정이나 생각이 일어나다."",""밖으로 나오다."",""신문이나 책, 상품 따위가 새로 나오다.""]}","수업 적합 뜻 선별; 창작 예문 및 뜻풀이 공식 사전 대조 필요"
"Q402","다른 뜻 기반 창작 문항","","","level1","나다","친구의 이야기를 들으니 용기가 났다.","감정이나 생각이 일어나다.","[""새로운 것이 생기다."",""소리나 냄새 따위가 퍼지다."",""감정이나 생각이 일어나다."",""밖으로 나오다."",""신문이나 책, 상품 따위가 새로 나오다.""]","{""headword"":""나다1"",""senses"":[""새로운 것이 생기다."",""소리나 냄새 따위가 퍼지다."",""감정이나 생각이 일어나다."",""밖으로 나오다."",""신문이나 책, 상품 따위가 새로 나오다.""]}","수업 적합 뜻 선별; 창작 예문 및 뜻풀이 공식 사전 대조 필요"
"Q403","다른 뜻 기반 창작 문항","","","level1","나다","재미있는 장면을 보고 웃음이 났다.","감정이나 생각이 일어나다.","[""새로운 것이 생기다."",""소리나 냄새 따위가 퍼지다."",""감정이나 생각이 일어나다."",""밖으로 나오다."",""신문이나 책, 상품 따위가 새로 나오다.""]","{""headword"":""나다1"",""senses"":[""새로운 것이 생기다."",""소리나 냄새 따위가 퍼지다."",""감정이나 생각이 일어나다."",""밖으로 나오다."",""신문이나 책, 상품 따위가 새로 나오다.""]}","수업 적합 뜻 선별; 창작 예문 및 뜻풀이 공식 사전 대조 필요"
"Q404","다른 뜻 기반 창작 문항","","","level1","나다","예전 사진을 보니 할머니 생각이 났다.","감정이나 생각이 일어나다.","[""새로운 것이 생기다."",""소리나 냄새 따위가 퍼지다."",""감정이나 생각이 일어나다."",""밖으로 나오다."",""신문이나 책, 상품 따위가 새로 나오다.""]","{""headword"":""나다1"",""senses"":[""새로운 것이 생기다."",""소리나 냄새 따위가 퍼지다."",""감정이나 생각이 일어나다."",""밖으로 나오다."",""신문이나 책, 상품 따위가 새로 나오다.""]}","수업 적합 뜻 선별; 창작 예문 및 뜻풀이 공식 사전 대조 필요"
"Q411","다른 뜻 기반 창작 문항","","","level1","보다","나는 창밖의 노을을 한참 바라보았다.","눈으로 대상을 살피다.","[""눈으로 대상을 살피다."",""공연이나 영화를 감상하다."",""시험을 치르다."",""일을 맡아 처리하거나 돌보다."",""어떤 결과나 상태를 경험하다.""]","{""headword"":""보다1"",""senses"":[""눈으로 대상을 살피다."",""공연이나 영화를 감상하다."",""시험을 치르다."",""일을 맡아 처리하거나 돌보다."",""어떤 결과나 상태를 경험하다.""]}","수업 적합 뜻 선별; 창작 예문 및 뜻풀이 공식 사전 대조 필요"
"Q413","다른 뜻 기반 창작 문항","","","level1","보다","동생은 돋보기로 작은 잎맥을 보았다.","눈으로 대상을 살피다.","[""눈으로 대상을 살피다."",""공연이나 영화를 감상하다."",""시험을 치르다."",""일을 맡아 처리하거나 돌보다."",""어떤 결과나 상태를 경험하다.""]","{""headword"":""보다1"",""senses"":[""눈으로 대상을 살피다."",""공연이나 영화를 감상하다."",""시험을 치르다."",""일을 맡아 처리하거나 돌보다."",""어떤 결과나 상태를 경험하다.""]}","수업 적합 뜻 선별; 창작 예문 및 뜻풀이 공식 사전 대조 필요"
"Q414","다른 뜻 기반 창작 문항","","","level1","보다","주말에 가족과 함께 영화를 보았다.","공연이나 영화를 감상하다.","[""눈으로 대상을 살피다."",""공연이나 영화를 감상하다."",""시험을 치르다."",""일을 맡아 처리하거나 돌보다."",""어떤 결과나 상태를 경험하다.""]","{""headword"":""보다1"",""senses"":[""눈으로 대상을 살피다."",""공연이나 영화를 감상하다."",""시험을 치르다."",""일을 맡아 처리하거나 돌보다."",""어떤 결과나 상태를 경험하다.""]}","수업 적합 뜻 선별; 창작 예문 및 뜻풀이 공식 사전 대조 필요"
"Q415","다른 뜻 기반 창작 문항","","","level1","보다","우리는 강당에서 인형극을 보았다.","공연이나 영화를 감상하다.","[""눈으로 대상을 살피다."",""공연이나 영화를 감상하다."",""시험을 치르다."",""일을 맡아 처리하거나 돌보다."",""어떤 결과나 상태를 경험하다.""]","{""headword"":""보다1"",""senses"":[""눈으로 대상을 살피다."",""공연이나 영화를 감상하다."",""시험을 치르다."",""일을 맡아 처리하거나 돌보다."",""어떤 결과나 상태를 경험하다.""]}","수업 적합 뜻 선별; 창작 예문 및 뜻풀이 공식 사전 대조 필요"
"Q416","다른 뜻 기반 창작 문항","","","level1","보다","친구들과 미술관에서 전시를 보았다.","공연이나 영화를 감상하다.","[""눈으로 대상을 살피다."",""공연이나 영화를 감상하다."",""시험을 치르다."",""일을 맡아 처리하거나 돌보다."",""어떤 결과나 상태를 경험하다.""]","{""headword"":""보다1"",""senses"":[""눈으로 대상을 살피다."",""공연이나 영화를 감상하다."",""시험을 치르다."",""일을 맡아 처리하거나 돌보다."",""어떤 결과나 상태를 경험하다.""]}","수업 적합 뜻 선별; 창작 예문 및 뜻풀이 공식 사전 대조 필요"
"Q417","다른 뜻 기반 창작 문항","","","level1","보다","다음 주에 받아쓰기 시험을 본다.","시험을 치르다.","[""눈으로 대상을 살피다."",""공연이나 영화를 감상하다."",""시험을 치르다."",""일을 맡아 처리하거나 돌보다."",""어떤 결과나 상태를 경험하다.""]","{""headword"":""보다1"",""senses"":[""눈으로 대상을 살피다."",""공연이나 영화를 감상하다."",""시험을 치르다."",""일을 맡아 처리하거나 돌보다."",""어떤 결과나 상태를 경험하다.""]}","수업 적합 뜻 선별; 창작 예문 및 뜻풀이 공식 사전 대조 필요"
"Q418","다른 뜻 기반 창작 문항","","","level1","보다","형은 자격시험을 보고 결과를 기다렸다.","시험을 치르다.","[""눈으로 대상을 살피다."",""공연이나 영화를 감상하다."",""시험을 치르다."",""일을 맡아 처리하거나 돌보다."",""어떤 결과나 상태를 경험하다.""]","{""headword"":""보다1"",""senses"":[""눈으로 대상을 살피다."",""공연이나 영화를 감상하다."",""시험을 치르다."",""일을 맡아 처리하거나 돌보다."",""어떤 결과나 상태를 경험하다.""]}","수업 적합 뜻 선별; 창작 예문 및 뜻풀이 공식 사전 대조 필요"
"Q419","다른 뜻 기반 창작 문항","","","level1","보다","학생들은 조용히 자리에 앉아 시험을 보았다.","시험을 치르다.","[""눈으로 대상을 살피다."",""공연이나 영화를 감상하다."",""시험을 치르다."",""일을 맡아 처리하거나 돌보다."",""어떤 결과나 상태를 경험하다.""]","{""headword"":""보다1"",""senses"":[""눈으로 대상을 살피다."",""공연이나 영화를 감상하다."",""시험을 치르다."",""일을 맡아 처리하거나 돌보다."",""어떤 결과나 상태를 경험하다.""]}","수업 적합 뜻 선별; 창작 예문 및 뜻풀이 공식 사전 대조 필요"
"Q420","다른 뜻 기반 창작 문항","","","level1","보다","부모님이 외출하셔서 내가 동생을 보았다.","일을 맡아 처리하거나 돌보다.","[""눈으로 대상을 살피다."",""공연이나 영화를 감상하다."",""시험을 치르다."",""일을 맡아 처리하거나 돌보다."",""어떤 결과나 상태를 경험하다.""]","{""headword"":""보다1"",""senses"":[""눈으로 대상을 살피다."",""공연이나 영화를 감상하다."",""시험을 치르다."",""일을 맡아 처리하거나 돌보다."",""어떤 결과나 상태를 경험하다.""]}","수업 적합 뜻 선별; 창작 예문 및 뜻풀이 공식 사전 대조 필요"
"Q422","다른 뜻 기반 창작 문항","","","level1","보다","선생님께서 교실을 보는 동안 우리는 운동장에 나갔다.","일을 맡아 처리하거나 돌보다.","[""눈으로 대상을 살피다."",""공연이나 영화를 감상하다."",""시험을 치르다."",""일을 맡아 처리하거나 돌보다."",""어떤 결과나 상태를 경험하다.""]","{""headword"":""보다1"",""senses"":[""눈으로 대상을 살피다."",""공연이나 영화를 감상하다."",""시험을 치르다."",""일을 맡아 처리하거나 돌보다."",""어떤 결과나 상태를 경험하다.""]}","수업 적합 뜻 선별; 창작 예문 및 뜻풀이 공식 사전 대조 필요"
"Q423","다른 뜻 기반 창작 문항","","","level1","보다","우리 팀은 꾸준히 연습한 뒤 좋은 결과를 보았다.","어떤 결과나 상태를 경험하다.","[""눈으로 대상을 살피다."",""공연이나 영화를 감상하다."",""시험을 치르다."",""일을 맡아 처리하거나 돌보다."",""어떤 결과나 상태를 경험하다.""]","{""headword"":""보다1"",""senses"":[""눈으로 대상을 살피다."",""공연이나 영화를 감상하다."",""시험을 치르다."",""일을 맡아 처리하거나 돌보다."",""어떤 결과나 상태를 경험하다.""]}","수업 적합 뜻 선별; 창작 예문 및 뜻풀이 공식 사전 대조 필요"
"Q424","다른 뜻 기반 창작 문항","","","level1","보다","가뭄이 길어지자 농작물이 피해를 보았다.","어떤 결과나 상태를 경험하다.","[""눈으로 대상을 살피다."",""공연이나 영화를 감상하다."",""시험을 치르다."",""일을 맡아 처리하거나 돌보다."",""어떤 결과나 상태를 경험하다.""]","{""headword"":""보다1"",""senses"":[""눈으로 대상을 살피다."",""공연이나 영화를 감상하다."",""시험을 치르다."",""일을 맡아 처리하거나 돌보다."",""어떤 결과나 상태를 경험하다.""]}","수업 적합 뜻 선별; 창작 예문 및 뜻풀이 공식 사전 대조 필요"
"Q425","다른 뜻 기반 창작 문항","","","level1","보다","친구의 도움으로 큰 효과를 보았다.","어떤 결과나 상태를 경험하다.","[""눈으로 대상을 살피다."",""공연이나 영화를 감상하다."",""시험을 치르다."",""일을 맡아 처리하거나 돌보다."",""어떤 결과나 상태를 경험하다.""]","{""headword"":""보다1"",""senses"":[""눈으로 대상을 살피다."",""공연이나 영화를 감상하다."",""시험을 치르다."",""일을 맡아 처리하거나 돌보다."",""어떤 결과나 상태를 경험하다.""]}","수업 적합 뜻 선별; 창작 예문 및 뜻풀이 공식 사전 대조 필요"
"Q426","다른 뜻 기반 창작 문항","","","level1","말","친구의 말을 끝까지 듣고 내 생각을 이야기했다.","사람이 생각이나 느낌을 나타내는 소리.","[""사람이 생각이나 느낌을 나타내는 소리."",""어떤 내용이나 소문."",""말하는 태도나 버릇."",""사람을 태우거나 짐을 나르는 큰 동물."",""글이나 문장의 뜻.""]","[{""headword"":""말1"",""senses"":[""사람이 생각이나 느낌을 나타내는 소리."",""어떤 내용이나 소문."",""말하는 태도나 버릇."",""글이나 문장의 뜻.""]},{""headword"":""말2"",""senses"":[""사람을 태우거나 짐을 나르는 큰 동물.""]}]","수업 적합 뜻 선별; 창작 예문 및 뜻풀이 공식 사전 대조 필요"
"Q428","다른 뜻 기반 창작 문항","","","level1","말","나는 고맙다는 말을 전했다.","사람이 생각이나 느낌을 나타내는 소리.","[""사람이 생각이나 느낌을 나타내는 소리."",""어떤 내용이나 소문."",""말하는 태도나 버릇."",""사람을 태우거나 짐을 나르는 큰 동물."",""글이나 문장의 뜻.""]","[{""headword"":""말1"",""senses"":[""사람이 생각이나 느낌을 나타내는 소리."",""어떤 내용이나 소문."",""말하는 태도나 버릇."",""글이나 문장의 뜻.""]},{""headword"":""말2"",""senses"":[""사람을 태우거나 짐을 나르는 큰 동물.""]}]","수업 적합 뜻 선별; 창작 예문 및 뜻풀이 공식 사전 대조 필요"
"Q429","다른 뜻 기반 창작 문항","","","level1","말","비가 많이 온다는 말을 듣고 우산을 챙겼다.","어떤 내용이나 소문.","[""사람이 생각이나 느낌을 나타내는 소리."",""어떤 내용이나 소문."",""말하는 태도나 버릇."",""사람을 태우거나 짐을 나르는 큰 동물."",""글이나 문장의 뜻.""]","[{""headword"":""말1"",""senses"":[""사람이 생각이나 느낌을 나타내는 소리."",""어떤 내용이나 소문."",""말하는 태도나 버릇."",""글이나 문장의 뜻.""]},{""headword"":""말2"",""senses"":[""사람을 태우거나 짐을 나르는 큰 동물.""]}]","수업 적합 뜻 선별; 창작 예문 및 뜻풀이 공식 사전 대조 필요"
"Q430","다른 뜻 기반 창작 문항","","","level1","말","새 도서관이 생긴다는 말이 사실이었다.","어떤 내용이나 소문.","[""사람이 생각이나 느낌을 나타내는 소리."",""어떤 내용이나 소문."",""말하는 태도나 버릇."",""사람을 태우거나 짐을 나르는 큰 동물."",""글이나 문장의 뜻.""]","[{""headword"":""말1"",""senses"":[""사람이 생각이나 느낌을 나타내는 소리."",""어떤 내용이나 소문."",""말하는 태도나 버릇."",""글이나 문장의 뜻.""]},{""headword"":""말2"",""senses"":[""사람을 태우거나 짐을 나르는 큰 동물.""]}]","수업 적합 뜻 선별; 창작 예문 및 뜻풀이 공식 사전 대조 필요"
"Q431","다른 뜻 기반 창작 문항","","","level1","말","친구가 이사를 간다는 말에 모두 아쉬워했다.","어떤 내용이나 소문.","[""사람이 생각이나 느낌을 나타내는 소리."",""어떤 내용이나 소문."",""말하는 태도나 버릇."",""사람을 태우거나 짐을 나르는 큰 동물."",""글이나 문장의 뜻.""]","[{""headword"":""말1"",""senses"":[""사람이 생각이나 느낌을 나타내는 소리."",""어떤 내용이나 소문."",""말하는 태도나 버릇."",""글이나 문장의 뜻.""]},{""headword"":""말2"",""senses"":[""사람을 태우거나 짐을 나르는 큰 동물.""]}]","수업 적합 뜻 선별; 창작 예문 및 뜻풀이 공식 사전 대조 필요"
"Q432","다른 뜻 기반 창작 문항","","","level1","말","서로 기분이 상하지 않도록 말을 조심해야 한다.","말하는 태도나 버릇.","[""사람이 생각이나 느낌을 나타내는 소리."",""어떤 내용이나 소문."",""말하는 태도나 버릇."",""사람을 태우거나 짐을 나르는 큰 동물."",""글이나 문장의 뜻.""]","[{""headword"":""말1"",""senses"":[""사람이 생각이나 느낌을 나타내는 소리."",""어떤 내용이나 소문."",""말하는 태도나 버릇."",""글이나 문장의 뜻.""]},{""headword"":""말2"",""senses"":[""사람을 태우거나 짐을 나르는 큰 동물.""]}]","수업 적합 뜻 선별; 창작 예문 및 뜻풀이 공식 사전 대조 필요"
"Q433","다른 뜻 기반 창작 문항","","","level1","말","동생은 급할수록 말을 천천히 했다.","말하는 태도나 버릇.","[""사람이 생각이나 느낌을 나타내는 소리."",""어떤 내용이나 소문."",""말하는 태도나 버릇."",""사람을 태우거나 짐을 나르는 큰 동물."",""글이나 문장의 뜻.""]","[{""headword"":""말1"",""senses"":[""사람이 생각이나 느낌을 나타내는 소리."",""어떤 내용이나 소문."",""말하는 태도나 버릇."",""글이나 문장의 뜻.""]},{""headword"":""말2"",""senses"":[""사람을 태우거나 짐을 나르는 큰 동물.""]}]","수업 적합 뜻 선별; 창작 예문 및 뜻풀이 공식 사전 대조 필요"
"Q434","다른 뜻 기반 창작 문항","","","level1","말","친구는 부드러운 말로 나를 위로했다.","말하는 태도나 버릇.","[""사람이 생각이나 느낌을 나타내는 소리."",""어떤 내용이나 소문."",""말하는 태도나 버릇."",""사람을 태우거나 짐을 나르는 큰 동물."",""글이나 문장의 뜻.""]","[{""headword"":""말1"",""senses"":[""사람이 생각이나 느낌을 나타내는 소리."",""어떤 내용이나 소문."",""말하는 태도나 버릇."",""글이나 문장의 뜻.""]},{""headword"":""말2"",""senses"":[""사람을 태우거나 짐을 나르는 큰 동물.""]}]","수업 적합 뜻 선별; 창작 예문 및 뜻풀이 공식 사전 대조 필요"
"Q435","다른 뜻 기반 창작 문항","","","level1","말","옛날 사람들은 말을 타고 먼 길을 갔다.","사람을 태우거나 짐을 나르는 큰 동물.","[""사람이 생각이나 느낌을 나타내는 소리."",""어떤 내용이나 소문."",""말하는 태도나 버릇."",""사람을 태우거나 짐을 나르는 큰 동물."",""글이나 문장의 뜻.""]","[{""headword"":""말1"",""senses"":[""사람이 생각이나 느낌을 나타내는 소리."",""어떤 내용이나 소문."",""말하는 태도나 버릇."",""글이나 문장의 뜻.""]},{""headword"":""말2"",""senses"":[""사람을 태우거나 짐을 나르는 큰 동물.""]}]","수업 적합 뜻 선별; 창작 예문 및 뜻풀이 공식 사전 대조 필요"
"Q436","다른 뜻 기반 창작 문항","","","level1","말","초원에서 말들이 힘차게 달렸다.","사람을 태우거나 짐을 나르는 큰 동물.","[""사람이 생각이나 느낌을 나타내는 소리."",""어떤 내용이나 소문."",""말하는 태도나 버릇."",""사람을 태우거나 짐을 나르는 큰 동물."",""글이나 문장의 뜻.""]","[{""headword"":""말1"",""senses"":[""사람이 생각이나 느낌을 나타내는 소리."",""어떤 내용이나 소문."",""말하는 태도나 버릇."",""글이나 문장의 뜻.""]},{""headword"":""말2"",""senses"":[""사람을 태우거나 짐을 나르는 큰 동물.""]}]","수업 적합 뜻 선별; 창작 예문 및 뜻풀이 공식 사전 대조 필요"
"Q437","다른 뜻 기반 창작 문항","","","level1","말","농부는 말에게 먹이를 주었다.","사람을 태우거나 짐을 나르는 큰 동물.","[""사람이 생각이나 느낌을 나타내는 소리."",""어떤 내용이나 소문."",""말하는 태도나 버릇."",""사람을 태우거나 짐을 나르는 큰 동물."",""글이나 문장의 뜻.""]","[{""headword"":""말1"",""senses"":[""사람이 생각이나 느낌을 나타내는 소리."",""어떤 내용이나 소문."",""말하는 태도나 버릇."",""글이나 문장의 뜻.""]},{""headword"":""말2"",""senses"":[""사람을 태우거나 짐을 나르는 큰 동물.""]}]","수업 적합 뜻 선별; 창작 예문 및 뜻풀이 공식 사전 대조 필요"
"Q439","다른 뜻 기반 창작 문항","","","level1","말","이 문장은 말이 조금 어려워서 여러 번 읽었다.","글이나 문장의 뜻.","[""사람이 생각이나 느낌을 나타내는 소리."",""어떤 내용이나 소문."",""말하는 태도나 버릇."",""사람을 태우거나 짐을 나르는 큰 동물."",""글이나 문장의 뜻.""]","[{""headword"":""말1"",""senses"":[""사람이 생각이나 느낌을 나타내는 소리."",""어떤 내용이나 소문."",""말하는 태도나 버릇."",""글이나 문장의 뜻.""]},{""headword"":""말2"",""senses"":[""사람을 태우거나 짐을 나르는 큰 동물.""]}]","수업 적합 뜻 선별; 창작 예문 및 뜻풀이 공식 사전 대조 필요"
"Q440","다른 뜻 기반 창작 문항","","","level1","말","같은 말도 상황에 따라 뜻이 달라질 수 있다.","글이나 문장의 뜻.","[""사람이 생각이나 느낌을 나타내는 소리."",""어떤 내용이나 소문."",""말하는 태도나 버릇."",""사람을 태우거나 짐을 나르는 큰 동물."",""글이나 문장의 뜻.""]","[{""headword"":""말1"",""senses"":[""사람이 생각이나 느낌을 나타내는 소리."",""어떤 내용이나 소문."",""말하는 태도나 버릇."",""글이나 문장의 뜻.""]},{""headword"":""말2"",""senses"":[""사람을 태우거나 짐을 나르는 큰 동물.""]}]","수업 적합 뜻 선별; 창작 예문 및 뜻풀이 공식 사전 대조 필요"
"Q441","다른 뜻 기반 창작 문항","","","level1","손","나는 비누로 손을 깨끗이 씻었다.","팔목 끝에 달린 신체의 부분.","[""팔목 끝에 달린 신체의 부분."",""일을 하는 사람이나 노동력."",""가게나 집에 찾아온 사람."",""도움이나 보살핌."",""어떤 일을 하는 솜씨.""]","[{""headword"":""손1"",""senses"":[""팔목 끝에 달린 신체의 부분."",""일을 하는 사람이나 노동력."",""도움이나 보살핌."",""어떤 일을 하는 솜씨.""]},{""headword"":""손2"",""senses"":[""가게나 집에 찾아온 사람.""]}]","수업 적합 뜻 선별; 창작 예문 및 뜻풀이 공식 사전 대조 필요"
"Q442","다른 뜻 기반 창작 문항","","","level1","손","동생은 내 손을 꼭 잡았다.","팔목 끝에 달린 신체의 부분.","[""팔목 끝에 달린 신체의 부분."",""일을 하는 사람이나 노동력."",""가게나 집에 찾아온 사람."",""도움이나 보살핌."",""어떤 일을 하는 솜씨.""]","[{""headword"":""손1"",""senses"":[""팔목 끝에 달린 신체의 부분."",""일을 하는 사람이나 노동력."",""도움이나 보살핌."",""어떤 일을 하는 솜씨.""]},{""headword"":""손2"",""senses"":[""가게나 집에 찾아온 사람.""]}]","수업 적합 뜻 선별; 창작 예문 및 뜻풀이 공식 사전 대조 필요"
"Q443","다른 뜻 기반 창작 문항","","","level1","손","손을 들고 발표 기회를 기다렸다.","팔목 끝에 달린 신체의 부분.","[""팔목 끝에 달린 신체의 부분."",""일을 하는 사람이나 노동력."",""가게나 집에 찾아온 사람."",""도움이나 보살핌."",""어떤 일을 하는 솜씨.""]","[{""headword"":""손1"",""senses"":[""팔목 끝에 달린 신체의 부분."",""일을 하는 사람이나 노동력."",""도움이나 보살핌."",""어떤 일을 하는 솜씨.""]},{""headword"":""손2"",""senses"":[""가게나 집에 찾아온 사람.""]}]","수업 적합 뜻 선별; 창작 예문 및 뜻풀이 공식 사전 대조 필요"
"Q444","다른 뜻 기반 창작 문항","","","level1","손","이삿짐이 많아서 손이 더 필요했다.","일을 하는 사람이나 노동력.","[""팔목 끝에 달린 신체의 부분."",""일을 하는 사람이나 노동력."",""가게나 집에 찾아온 사람."",""도움이나 보살핌."",""어떤 일을 하는 솜씨.""]","[{""headword"":""손1"",""senses"":[""팔목 끝에 달린 신체의 부분."",""일을 하는 사람이나 노동력."",""도움이나 보살핌."",""어떤 일을 하는 솜씨.""]},{""headword"":""손2"",""senses"":[""가게나 집에 찾아온 사람.""]}]","수업 적합 뜻 선별; 창작 예문 및 뜻풀이 공식 사전 대조 필요"
"Q445","다른 뜻 기반 창작 문항","","","level1","손","바쁜 농번기에는 일손이 부족하다.","일을 하는 사람이나 노동력.","[""팔목 끝에 달린 신체의 부분."",""일을 하는 사람이나 노동력."",""가게나 집에 찾아온 사람."",""도움이나 보살핌."",""어떤 일을 하는 솜씨.""]","[{""headword"":""손1"",""senses"":[""팔목 끝에 달린 신체의 부분."",""일을 하는 사람이나 노동력."",""도움이나 보살핌."",""어떤 일을 하는 솜씨.""]},{""headword"":""손2"",""senses"":[""가게나 집에 찾아온 사람.""]}]","수업 적합 뜻 선별; 창작 예문 및 뜻풀이 공식 사전 대조 필요"
"Q446","다른 뜻 기반 창작 문항","","","level1","손","행사 준비에 손이 많이 갔다.","일을 하는 사람이나 노동력.","[""팔목 끝에 달린 신체의 부분."",""일을 하는 사람이나 노동력."",""가게나 집에 찾아온 사람."",""도움이나 보살핌."",""어떤 일을 하는 솜씨.""]","[{""headword"":""손1"",""senses"":[""팔목 끝에 달린 신체의 부분."",""일을 하는 사람이나 노동력."",""도움이나 보살핌."",""어떤 일을 하는 솜씨.""]},{""headword"":""손2"",""senses"":[""가게나 집에 찾아온 사람.""]}]","수업 적합 뜻 선별; 창작 예문 및 뜻풀이 공식 사전 대조 필요"
"Q448","다른 뜻 기반 창작 문항","","","level1","손","우리 집에 귀한 손이 찾아오셨다.","가게나 집에 찾아온 사람.","[""팔목 끝에 달린 신체의 부분."",""일을 하는 사람이나 노동력."",""가게나 집에 찾아온 사람."",""도움이나 보살핌."",""어떤 일을 하는 솜씨.""]","[{""headword"":""손1"",""senses"":[""팔목 끝에 달린 신체의 부분."",""일을 하는 사람이나 노동력."",""도움이나 보살핌."",""어떤 일을 하는 솜씨.""]},{""headword"":""손2"",""senses"":[""가게나 집에 찾아온 사람.""]}]","수업 적합 뜻 선별; 창작 예문 및 뜻풀이 공식 사전 대조 필요"
"Q450","다른 뜻 기반 창작 문항","","","level1","손","오래된 건물은 사람의 손길이 끊기면 쉽게 망가진다.","도움이나 보살핌.","[""팔목 끝에 달린 신체의 부분."",""일을 하는 사람이나 노동력."",""가게나 집에 찾아온 사람."",""도움이나 보살핌."",""어떤 일을 하는 솜씨.""]","[{""headword"":""손1"",""senses"":[""팔목 끝에 달린 신체의 부분."",""일을 하는 사람이나 노동력."",""도움이나 보살핌."",""어떤 일을 하는 솜씨.""]},{""headword"":""손2"",""senses"":[""가게나 집에 찾아온 사람.""]}]","수업 적합 뜻 선별; 창작 예문 및 뜻풀이 공식 사전 대조 필요"
"Q451","다른 뜻 기반 창작 문항","","","level1","손","정성스러운 손길 덕분에 화단이 아름다워졌다.","도움이나 보살핌.","[""팔목 끝에 달린 신체의 부분."",""일을 하는 사람이나 노동력."",""가게나 집에 찾아온 사람."",""도움이나 보살핌."",""어떤 일을 하는 솜씨.""]","[{""headword"":""손1"",""senses"":[""팔목 끝에 달린 신체의 부분."",""일을 하는 사람이나 노동력."",""도움이나 보살핌."",""어떤 일을 하는 솜씨.""]},{""headword"":""손2"",""senses"":[""가게나 집에 찾아온 사람.""]}]","수업 적합 뜻 선별; 창작 예문 및 뜻풀이 공식 사전 대조 필요"
"Q452","다른 뜻 기반 창작 문항","","","level1","손","작은 강아지에게 따뜻한 손길이 필요하다.","도움이나 보살핌.","[""팔목 끝에 달린 신체의 부분."",""일을 하는 사람이나 노동력."",""가게나 집에 찾아온 사람."",""도움이나 보살핌."",""어떤 일을 하는 솜씨.""]","[{""headword"":""손1"",""senses"":[""팔목 끝에 달린 신체의 부분."",""일을 하는 사람이나 노동력."",""도움이나 보살핌."",""어떤 일을 하는 솜씨.""]},{""headword"":""손2"",""senses"":[""가게나 집에 찾아온 사람.""]}]","수업 적합 뜻 선별; 창작 예문 및 뜻풀이 공식 사전 대조 필요"
"Q454","다른 뜻 기반 창작 문항","","","level1","손","그 목수는 손이 야무져 가구를 튼튼하게 만든다.","어떤 일을 하는 솜씨.","[""팔목 끝에 달린 신체의 부분."",""일을 하는 사람이나 노동력."",""가게나 집에 찾아온 사람."",""도움이나 보살핌."",""어떤 일을 하는 솜씨.""]","[{""headword"":""손1"",""senses"":[""팔목 끝에 달린 신체의 부분."",""일을 하는 사람이나 노동력."",""도움이나 보살핌."",""어떤 일을 하는 솜씨.""]},{""headword"":""손2"",""senses"":[""가게나 집에 찾아온 사람.""]}]","수업 적합 뜻 선별; 창작 예문 및 뜻풀이 공식 사전 대조 필요"
"Q456","다른 뜻 기반 창작 문항","","","level1","길","학교에 가는 길에 친구를 만났다.","사람이나 차가 다니도록 만든 곳.","[""사람이나 차가 다니도록 만든 곳."",""어떤 일을 하는 방법이나 수단."",""시간이나 과정의 중간."",""사물의 결이나 익숙해진 흔적."",""앞으로 살아가거나 나아갈 방향.""]","{""headword"":""길1"",""senses"":[""사람이나 차가 다니도록 만든 곳."",""어떤 일을 하는 방법이나 수단."",""시간이나 과정의 중간."",""사물의 결이나 익숙해진 흔적."",""앞으로 살아가거나 나아갈 방향.""]}","수업 적합 뜻 선별; 창작 예문 및 뜻풀이 공식 사전 대조 필요"
"Q457","다른 뜻 기반 창작 문항","","","level1","길","비가 와서 산길이 미끄러웠다.","사람이나 차가 다니도록 만든 곳.","[""사람이나 차가 다니도록 만든 곳."",""어떤 일을 하는 방법이나 수단."",""시간이나 과정의 중간."",""사물의 결이나 익숙해진 흔적."",""앞으로 살아가거나 나아갈 방향.""]","{""headword"":""길1"",""senses"":[""사람이나 차가 다니도록 만든 곳."",""어떤 일을 하는 방법이나 수단."",""시간이나 과정의 중간."",""사물의 결이나 익숙해진 흔적."",""앞으로 살아가거나 나아갈 방향.""]}","수업 적합 뜻 선별; 창작 예문 및 뜻풀이 공식 사전 대조 필요"
"Q458","다른 뜻 기반 창작 문항","","","level1","길","우리는 좁은 골목길을 천천히 걸었다.","사람이나 차가 다니도록 만든 곳.","[""사람이나 차가 다니도록 만든 곳."",""어떤 일을 하는 방법이나 수단."",""시간이나 과정의 중간."",""사물의 결이나 익숙해진 흔적."",""앞으로 살아가거나 나아갈 방향.""]","{""headword"":""길1"",""senses"":[""사람이나 차가 다니도록 만든 곳."",""어떤 일을 하는 방법이나 수단."",""시간이나 과정의 중간."",""사물의 결이나 익숙해진 흔적."",""앞으로 살아가거나 나아갈 방향.""]}","수업 적합 뜻 선별; 창작 예문 및 뜻풀이 공식 사전 대조 필요"
"Q459","다른 뜻 기반 창작 문항","","","level1","길","대화를 하면 오해를 푸는 길을 찾을 수 있다.","어떤 일을 하는 방법이나 수단.","[""사람이나 차가 다니도록 만든 곳."",""어떤 일을 하는 방법이나 수단."",""시간이나 과정의 중간."",""사물의 결이나 익숙해진 흔적."",""앞으로 살아가거나 나아갈 방향.""]","{""headword"":""길1"",""senses"":[""사람이나 차가 다니도록 만든 곳."",""어떤 일을 하는 방법이나 수단."",""시간이나 과정의 중간."",""사물의 결이나 익숙해진 흔적."",""앞으로 살아가거나 나아갈 방향.""]}","수업 적합 뜻 선별; 창작 예문 및 뜻풀이 공식 사전 대조 필요"
"Q460","다른 뜻 기반 창작 문항","","","level1","길","책을 꾸준히 읽는 것은 생각을 넓히는 길이다.","어떤 일을 하는 방법이나 수단.","[""사람이나 차가 다니도록 만든 곳."",""어떤 일을 하는 방법이나 수단."",""시간이나 과정의 중간."",""사물의 결이나 익숙해진 흔적."",""앞으로 살아가거나 나아갈 방향.""]","{""headword"":""길1"",""senses"":[""사람이나 차가 다니도록 만든 곳."",""어떤 일을 하는 방법이나 수단."",""시간이나 과정의 중간."",""사물의 결이나 익숙해진 흔적."",""앞으로 살아가거나 나아갈 방향.""]}","수업 적합 뜻 선별; 창작 예문 및 뜻풀이 공식 사전 대조 필요"
"Q461","다른 뜻 기반 창작 문항","","","level1","길","모두가 함께 지킬 수 있는 해결의 길을 찾았다.","어떤 일을 하는 방법이나 수단.","[""사람이나 차가 다니도록 만든 곳."",""어떤 일을 하는 방법이나 수단."",""시간이나 과정의 중간."",""사물의 결이나 익숙해진 흔적."",""앞으로 살아가거나 나아갈 방향.""]","{""headword"":""길1"",""senses"":[""사람이나 차가 다니도록 만든 곳."",""어떤 일을 하는 방법이나 수단."",""시간이나 과정의 중간."",""사물의 결이나 익숙해진 흔적."",""앞으로 살아가거나 나아갈 방향.""]}","수업 적합 뜻 선별; 창작 예문 및 뜻풀이 공식 사전 대조 필요"
"Q462","다른 뜻 기반 창작 문항","","","level1","길","집에 돌아오는 길에 빵집에 들렀다.","시간이나 과정의 중간.","[""사람이나 차가 다니도록 만든 곳."",""어떤 일을 하는 방법이나 수단."",""시간이나 과정의 중간."",""사물의 결이나 익숙해진 흔적."",""앞으로 살아가거나 나아갈 방향.""]","{""headword"":""길1"",""senses"":[""사람이나 차가 다니도록 만든 곳."",""어떤 일을 하는 방법이나 수단."",""시간이나 과정의 중간."",""사물의 결이나 익숙해진 흔적."",""앞으로 살아가거나 나아갈 방향.""]}","수업 적합 뜻 선별; 창작 예문 및 뜻풀이 공식 사전 대조 필요"
"Q463","다른 뜻 기반 창작 문항","","","level1","길","등굣길에 떨어진 쓰레기를 주웠다.","시간이나 과정의 중간.","[""사람이나 차가 다니도록 만든 곳."",""어떤 일을 하는 방법이나 수단."",""시간이나 과정의 중간."",""사물의 결이나 익숙해진 흔적."",""앞으로 살아가거나 나아갈 방향.""]","{""headword"":""길1"",""senses"":[""사람이나 차가 다니도록 만든 곳."",""어떤 일을 하는 방법이나 수단."",""시간이나 과정의 중간."",""사물의 결이나 익숙해진 흔적."",""앞으로 살아가거나 나아갈 방향.""]}","수업 적합 뜻 선별; 창작 예문 및 뜻풀이 공식 사전 대조 필요"
"Q464","다른 뜻 기반 창작 문항","","","level1","길","여행길에 아름다운 호수를 만났다.","시간이나 과정의 중간.","[""사람이나 차가 다니도록 만든 곳."",""어떤 일을 하는 방법이나 수단."",""시간이나 과정의 중간."",""사물의 결이나 익숙해진 흔적."",""앞으로 살아가거나 나아갈 방향.""]","{""headword"":""길1"",""senses"":[""사람이나 차가 다니도록 만든 곳."",""어떤 일을 하는 방법이나 수단."",""시간이나 과정의 중간."",""사물의 결이나 익숙해진 흔적."",""앞으로 살아가거나 나아갈 방향.""]}","수업 적합 뜻 선별; 창작 예문 및 뜻풀이 공식 사전 대조 필요"
"Q465","다른 뜻 기반 창작 문항","","","level1","길","사람들이 자주 오가자 마루에 길이 들었다.","사물의 결이나 익숙해진 흔적.","[""사람이나 차가 다니도록 만든 곳."",""어떤 일을 하는 방법이나 수단."",""시간이나 과정의 중간."",""사물의 결이나 익숙해진 흔적."",""앞으로 살아가거나 나아갈 방향.""]","{""headword"":""길1"",""senses"":[""사람이나 차가 다니도록 만든 곳."",""어떤 일을 하는 방법이나 수단."",""시간이나 과정의 중간."",""사물의 결이나 익숙해진 흔적."",""앞으로 살아가거나 나아갈 방향.""]}","수업 적합 뜻 선별; 창작 예문 및 뜻풀이 공식 사전 대조 필요"
"Q466","다른 뜻 기반 창작 문항","","","level1","길","나무판의 길을 따라 조심스럽게 닦았다.","사물의 결이나 익숙해진 흔적.","[""사람이나 차가 다니도록 만든 곳."",""어떤 일을 하는 방법이나 수단."",""시간이나 과정의 중간."",""사물의 결이나 익숙해진 흔적."",""앞으로 살아가거나 나아갈 방향.""]","{""headword"":""길1"",""senses"":[""사람이나 차가 다니도록 만든 곳."",""어떤 일을 하는 방법이나 수단."",""시간이나 과정의 중간."",""사물의 결이나 익숙해진 흔적."",""앞으로 살아가거나 나아갈 방향.""]}","수업 적합 뜻 선별; 창작 예문 및 뜻풀이 공식 사전 대조 필요"
"Q467","다른 뜻 기반 창작 문항","","","level1","길","오래 사용한 가죽 가방에 자연스러운 길이 생겼다.","사물의 결이나 익숙해진 흔적.","[""사람이나 차가 다니도록 만든 곳."",""어떤 일을 하는 방법이나 수단."",""시간이나 과정의 중간."",""사물의 결이나 익숙해진 흔적."",""앞으로 살아가거나 나아갈 방향.""]","{""headword"":""길1"",""senses"":[""사람이나 차가 다니도록 만든 곳."",""어떤 일을 하는 방법이나 수단."",""시간이나 과정의 중간."",""사물의 결이나 익숙해진 흔적."",""앞으로 살아가거나 나아갈 방향.""]}","수업 적합 뜻 선별; 창작 예문 및 뜻풀이 공식 사전 대조 필요"
"Q468","다른 뜻 기반 창작 문항","","","level1","길","나는 내가 가고 싶은 길을 스스로 정했다.","앞으로 살아가거나 나아갈 방향.","[""사람이나 차가 다니도록 만든 곳."",""어떤 일을 하는 방법이나 수단."",""시간이나 과정의 중간."",""사물의 결이나 익숙해진 흔적."",""앞으로 살아가거나 나아갈 방향.""]","{""headword"":""길1"",""senses"":[""사람이나 차가 다니도록 만든 곳."",""어떤 일을 하는 방법이나 수단."",""시간이나 과정의 중간."",""사물의 결이나 익숙해진 흔적."",""앞으로 살아가거나 나아갈 방향.""]}","수업 적합 뜻 선별; 창작 예문 및 뜻풀이 공식 사전 대조 필요"
"Q470","다른 뜻 기반 창작 문항","","","level1","길","어려움이 있어도 자신의 길을 꾸준히 걸어야 한다.","앞으로 살아가거나 나아갈 방향.","[""사람이나 차가 다니도록 만든 곳."",""어떤 일을 하는 방법이나 수단."",""시간이나 과정의 중간."",""사물의 결이나 익숙해진 흔적."",""앞으로 살아가거나 나아갈 방향.""]","{""headword"":""길1"",""senses"":[""사람이나 차가 다니도록 만든 곳."",""어떤 일을 하는 방법이나 수단."",""시간이나 과정의 중간."",""사물의 결이나 익숙해진 흔적."",""앞으로 살아가거나 나아갈 방향.""]}","수업 적합 뜻 선별; 창작 예문 및 뜻풀이 공식 사전 대조 필요"
"Q471","다른 뜻 기반 창작 문항","","","level1","달다","교실 벽에 새 시계를 달았다.","물건을 일정한 곳에 붙이거나 매달다.","[""물건을 일정한 곳에 붙이거나 매달다."",""저울로 무게를 헤아리다."",""맛이 설탕이나 꿀과 같이 느껴지다."",""말이나 글 뒤에 설명이나 조건을 덧붙이다."",""어떤 물건을 몸에 지니다.""]","[{""headword"":""달다1"",""senses"":[""물건을 일정한 곳에 붙이거나 매달다.""]},{""headword"":""달다2"",""senses"":[""저울로 무게를 헤아리다.""]},{""headword"":""달다3"",""senses"":[""맛이 설탕이나 꿀과 같이 느껴지다.""]},{""headword"":""달다4"",""senses"":[""말이나 글 뒤에 설명이나 조건을 덧붙이다.""]},{""headword"":""달다5"",""senses"":[""어떤 물건을 몸에 지니다.""]}]","수업 적합 뜻 선별; 창작 예문 및 뜻풀이 공식 사전 대조 필요"
"Q472","다른 뜻 기반 창작 문항","","","level1","달다","가방에 이름표를 달아 주인을 표시했다.","물건을 일정한 곳에 붙이거나 매달다.","[""물건을 일정한 곳에 붙이거나 매달다."",""저울로 무게를 헤아리다."",""맛이 설탕이나 꿀과 같이 느껴지다."",""말이나 글 뒤에 설명이나 조건을 덧붙이다."",""어떤 물건을 몸에 지니다.""]","[{""headword"":""달다1"",""senses"":[""물건을 일정한 곳에 붙이거나 매달다.""]},{""headword"":""달다2"",""senses"":[""저울로 무게를 헤아리다.""]},{""headword"":""달다3"",""senses"":[""맛이 설탕이나 꿀과 같이 느껴지다.""]},{""headword"":""달다4"",""senses"":[""말이나 글 뒤에 설명이나 조건을 덧붙이다.""]},{""headword"":""달다5"",""senses"":[""어떤 물건을 몸에 지니다.""]}]","수업 적합 뜻 선별; 창작 예문 및 뜻풀이 공식 사전 대조 필요"
"Q473","다른 뜻 기반 창작 문항","","","level1","달다","현관문에 작은 종을 달았더니 맑은 소리가 났다.","물건을 일정한 곳에 붙이거나 매달다.","[""물건을 일정한 곳에 붙이거나 매달다."",""저울로 무게를 헤아리다."",""맛이 설탕이나 꿀과 같이 느껴지다."",""말이나 글 뒤에 설명이나 조건을 덧붙이다."",""어떤 물건을 몸에 지니다.""]","[{""headword"":""달다1"",""senses"":[""물건을 일정한 곳에 붙이거나 매달다.""]},{""headword"":""달다2"",""senses"":[""저울로 무게를 헤아리다.""]},{""headword"":""달다3"",""senses"":[""맛이 설탕이나 꿀과 같이 느껴지다.""]},{""headword"":""달다4"",""senses"":[""말이나 글 뒤에 설명이나 조건을 덧붙이다.""]},{""headword"":""달다5"",""senses"":[""어떤 물건을 몸에 지니다.""]}]","수업 적합 뜻 선별; 창작 예문 및 뜻풀이 공식 사전 대조 필요"
"Q474","다른 뜻 기반 창작 문항","","","level1","달다","가게 주인은 저울에 사과를 달았다.","저울로 무게를 헤아리다.","[""물건을 일정한 곳에 붙이거나 매달다."",""저울로 무게를 헤아리다."",""맛이 설탕이나 꿀과 같이 느껴지다."",""말이나 글 뒤에 설명이나 조건을 덧붙이다."",""어떤 물건을 몸에 지니다.""]","[{""headword"":""달다1"",""senses"":[""물건을 일정한 곳에 붙이거나 매달다.""]},{""headword"":""달다2"",""senses"":[""저울로 무게를 헤아리다.""]},{""headword"":""달다3"",""senses"":[""맛이 설탕이나 꿀과 같이 느껴지다.""]},{""headword"":""달다4"",""senses"":[""말이나 글 뒤에 설명이나 조건을 덧붙이다.""]},{""headword"":""달다5"",""senses"":[""어떤 물건을 몸에 지니다.""]}]","수업 적합 뜻 선별; 창작 예문 및 뜻풀이 공식 사전 대조 필요"
"Q475","다른 뜻 기반 창작 문항","","","level1","달다","택배를 보내기 전에 상자의 무게를 달았다.","저울로 무게를 헤아리다.","[""물건을 일정한 곳에 붙이거나 매달다."",""저울로 무게를 헤아리다."",""맛이 설탕이나 꿀과 같이 느껴지다."",""말이나 글 뒤에 설명이나 조건을 덧붙이다."",""어떤 물건을 몸에 지니다.""]","[{""headword"":""달다1"",""senses"":[""물건을 일정한 곳에 붙이거나 매달다.""]},{""headword"":""달다2"",""senses"":[""저울로 무게를 헤아리다.""]},{""headword"":""달다3"",""senses"":[""맛이 설탕이나 꿀과 같이 느껴지다.""]},{""headword"":""달다4"",""senses"":[""말이나 글 뒤에 설명이나 조건을 덧붙이다.""]},{""headword"":""달다5"",""senses"":[""어떤 물건을 몸에 지니다.""]}]","수업 적합 뜻 선별; 창작 예문 및 뜻풀이 공식 사전 대조 필요"
"Q476","다른 뜻 기반 창작 문항","","","level1","달다","과학 시간에 여러 물건을 저울에 달아 비교했다.","저울로 무게를 헤아리다.","[""물건을 일정한 곳에 붙이거나 매달다."",""저울로 무게를 헤아리다."",""맛이 설탕이나 꿀과 같이 느껴지다."",""말이나 글 뒤에 설명이나 조건을 덧붙이다."",""어떤 물건을 몸에 지니다.""]","[{""headword"":""달다1"",""senses"":[""물건을 일정한 곳에 붙이거나 매달다.""]},{""headword"":""달다2"",""senses"":[""저울로 무게를 헤아리다.""]},{""headword"":""달다3"",""senses"":[""맛이 설탕이나 꿀과 같이 느껴지다.""]},{""headword"":""달다4"",""senses"":[""말이나 글 뒤에 설명이나 조건을 덧붙이다.""]},{""headword"":""달다5"",""senses"":[""어떤 물건을 몸에 지니다.""]}]","수업 적합 뜻 선별; 창작 예문 및 뜻풀이 공식 사전 대조 필요"
"Q477","다른 뜻 기반 창작 문항","","","level1","달다","잘 익은 수박이 무척 달았다.","맛이 설탕이나 꿀과 같이 느껴지다.","[""물건을 일정한 곳에 붙이거나 매달다."",""저울로 무게를 헤아리다."",""맛이 설탕이나 꿀과 같이 느껴지다."",""말이나 글 뒤에 설명이나 조건을 덧붙이다."",""어떤 물건을 몸에 지니다.""]","[{""headword"":""달다1"",""senses"":[""물건을 일정한 곳에 붙이거나 매달다.""]},{""headword"":""달다2"",""senses"":[""저울로 무게를 헤아리다.""]},{""headword"":""달다3"",""senses"":[""맛이 설탕이나 꿀과 같이 느껴지다.""]},{""headword"":""달다4"",""senses"":[""말이나 글 뒤에 설명이나 조건을 덧붙이다.""]},{""headword"":""달다5"",""senses"":[""어떤 물건을 몸에 지니다.""]}]","수업 적합 뜻 선별; 창작 예문 및 뜻풀이 공식 사전 대조 필요"
"Q478","다른 뜻 기반 창작 문항","","","level1","달다","이 차는 꿀을 넣어서 조금 달다.","맛이 설탕이나 꿀과 같이 느껴지다.","[""물건을 일정한 곳에 붙이거나 매달다."",""저울로 무게를 헤아리다."",""맛이 설탕이나 꿀과 같이 느껴지다."",""말이나 글 뒤에 설명이나 조건을 덧붙이다."",""어떤 물건을 몸에 지니다.""]","[{""headword"":""달다1"",""senses"":[""물건을 일정한 곳에 붙이거나 매달다.""]},{""headword"":""달다2"",""senses"":[""저울로 무게를 헤아리다.""]},{""headword"":""달다3"",""senses"":[""맛이 설탕이나 꿀과 같이 느껴지다.""]},{""headword"":""달다4"",""senses"":[""말이나 글 뒤에 설명이나 조건을 덧붙이다.""]},{""headword"":""달다5"",""senses"":[""어떤 물건을 몸에 지니다.""]}]","수업 적합 뜻 선별; 창작 예문 및 뜻풀이 공식 사전 대조 필요"
"Q479","다른 뜻 기반 창작 문항","","","level1","달다","할머니께서 주신 배는 시원하고 달았다.","맛이 설탕이나 꿀과 같이 느껴지다.","[""물건을 일정한 곳에 붙이거나 매달다."",""저울로 무게를 헤아리다."",""맛이 설탕이나 꿀과 같이 느껴지다."",""말이나 글 뒤에 설명이나 조건을 덧붙이다."",""어떤 물건을 몸에 지니다.""]","[{""headword"":""달다1"",""senses"":[""물건을 일정한 곳에 붙이거나 매달다.""]},{""headword"":""달다2"",""senses"":[""저울로 무게를 헤아리다.""]},{""headword"":""달다3"",""senses"":[""맛이 설탕이나 꿀과 같이 느껴지다.""]},{""headword"":""달다4"",""senses"":[""말이나 글 뒤에 설명이나 조건을 덧붙이다.""]},{""headword"":""달다5"",""senses"":[""어떤 물건을 몸에 지니다.""]}]","수업 적합 뜻 선별; 창작 예문 및 뜻풀이 공식 사전 대조 필요"
"Q480","다른 뜻 기반 창작 문항","","","level1","달다","나는 발표 자료에 짧은 설명을 달았다.","말이나 글 뒤에 설명이나 조건을 덧붙이다.","[""물건을 일정한 곳에 붙이거나 매달다."",""저울로 무게를 헤아리다."",""맛이 설탕이나 꿀과 같이 느껴지다."",""말이나 글 뒤에 설명이나 조건을 덧붙이다."",""어떤 물건을 몸에 지니다.""]","[{""headword"":""달다1"",""senses"":[""물건을 일정한 곳에 붙이거나 매달다.""]},{""headword"":""달다2"",""senses"":[""저울로 무게를 헤아리다.""]},{""headword"":""달다3"",""senses"":[""맛이 설탕이나 꿀과 같이 느껴지다.""]},{""headword"":""달다4"",""senses"":[""말이나 글 뒤에 설명이나 조건을 덧붙이다.""]},{""headword"":""달다5"",""senses"":[""어떤 물건을 몸에 지니다.""]}]","수업 적합 뜻 선별; 창작 예문 및 뜻풀이 공식 사전 대조 필요"
"Q481","다른 뜻 기반 창작 문항","","","level1","달다","선생님께서는 허락하시면서 한 가지 조건을 다셨다.","말이나 글 뒤에 설명이나 조건을 덧붙이다.","[""물건을 일정한 곳에 붙이거나 매달다."",""저울로 무게를 헤아리다."",""맛이 설탕이나 꿀과 같이 느껴지다."",""말이나 글 뒤에 설명이나 조건을 덧붙이다."",""어떤 물건을 몸에 지니다.""]","[{""headword"":""달다1"",""senses"":[""물건을 일정한 곳에 붙이거나 매달다.""]},{""headword"":""달다2"",""senses"":[""저울로 무게를 헤아리다.""]},{""headword"":""달다3"",""senses"":[""맛이 설탕이나 꿀과 같이 느껴지다.""]},{""headword"":""달다4"",""senses"":[""말이나 글 뒤에 설명이나 조건을 덧붙이다.""]},{""headword"":""달다5"",""senses"":[""어떤 물건을 몸에 지니다.""]}]","수업 적합 뜻 선별; 창작 예문 및 뜻풀이 공식 사전 대조 필요"
"Q482","다른 뜻 기반 창작 문항","","","level1","달다","친구의 글에 응원하는 댓글을 달았다.","말이나 글 뒤에 설명이나 조건을 덧붙이다.","[""물건을 일정한 곳에 붙이거나 매달다."",""저울로 무게를 헤아리다."",""맛이 설탕이나 꿀과 같이 느껴지다."",""말이나 글 뒤에 설명이나 조건을 덧붙이다."",""어떤 물건을 몸에 지니다.""]","[{""headword"":""달다1"",""senses"":[""물건을 일정한 곳에 붙이거나 매달다.""]},{""headword"":""달다2"",""senses"":[""저울로 무게를 헤아리다.""]},{""headword"":""달다3"",""senses"":[""맛이 설탕이나 꿀과 같이 느껴지다.""]},{""headword"":""달다4"",""senses"":[""말이나 글 뒤에 설명이나 조건을 덧붙이다.""]},{""headword"":""달다5"",""senses"":[""어떤 물건을 몸에 지니다.""]}]","수업 적합 뜻 선별; 창작 예문 및 뜻풀이 공식 사전 대조 필요"
"Q483","다른 뜻 기반 창작 문항","","","level1","달다","선수들은 가슴에 이름표를 달고 운동장에 섰다.","어떤 물건을 몸에 지니다.","[""물건을 일정한 곳에 붙이거나 매달다."",""저울로 무게를 헤아리다."",""맛이 설탕이나 꿀과 같이 느껴지다."",""말이나 글 뒤에 설명이나 조건을 덧붙이다."",""어떤 물건을 몸에 지니다.""]","[{""headword"":""달다1"",""senses"":[""물건을 일정한 곳에 붙이거나 매달다.""]},{""headword"":""달다2"",""senses"":[""저울로 무게를 헤아리다.""]},{""headword"":""달다3"",""senses"":[""맛이 설탕이나 꿀과 같이 느껴지다.""]},{""headword"":""달다4"",""senses"":[""말이나 글 뒤에 설명이나 조건을 덧붙이다.""]},{""headword"":""달다5"",""senses"":[""어떤 물건을 몸에 지니다.""]}]","수업 적합 뜻 선별; 창작 예문 및 뜻풀이 공식 사전 대조 필요"
"Q484","다른 뜻 기반 창작 문항","","","level1","달다","동생은 목에 작은 호루라기를 달았다.","어떤 물건을 몸에 지니다.","[""물건을 일정한 곳에 붙이거나 매달다."",""저울로 무게를 헤아리다."",""맛이 설탕이나 꿀과 같이 느껴지다."",""말이나 글 뒤에 설명이나 조건을 덧붙이다."",""어떤 물건을 몸에 지니다.""]","[{""headword"":""달다1"",""senses"":[""물건을 일정한 곳에 붙이거나 매달다.""]},{""headword"":""달다2"",""senses"":[""저울로 무게를 헤아리다.""]},{""headword"":""달다3"",""senses"":[""맛이 설탕이나 꿀과 같이 느껴지다.""]},{""headword"":""달다4"",""senses"":[""말이나 글 뒤에 설명이나 조건을 덧붙이다.""]},{""headword"":""달다5"",""senses"":[""어떤 물건을 몸에 지니다.""]}]","수업 적합 뜻 선별; 창작 예문 및 뜻풀이 공식 사전 대조 필요"
"Q485","다른 뜻 기반 창작 문항","","","level1","달다","강아지는 목에 빨간 목줄을 달고 산책을 나갔다.","어떤 물건을 몸에 지니다.","[""물건을 일정한 곳에 붙이거나 매달다."",""저울로 무게를 헤아리다."",""맛이 설탕이나 꿀과 같이 느껴지다."",""말이나 글 뒤에 설명이나 조건을 덧붙이다."",""어떤 물건을 몸에 지니다.""]","[{""headword"":""달다1"",""senses"":[""물건을 일정한 곳에 붙이거나 매달다.""]},{""headword"":""달다2"",""senses"":[""저울로 무게를 헤아리다.""]},{""headword"":""달다3"",""senses"":[""맛이 설탕이나 꿀과 같이 느껴지다.""]},{""headword"":""달다4"",""senses"":[""말이나 글 뒤에 설명이나 조건을 덧붙이다.""]},{""headword"":""달다5"",""senses"":[""어떤 물건을 몸에 지니다.""]}]","수업 적합 뜻 선별; 창작 예문 및 뜻풀이 공식 사전 대조 필요"
"Q486","다른 뜻 기반 창작 문항","","","level1","타다","우리는 버스를 타고 박물관에 갔다.","탈것이나 짐승의 등 위에 오르다.","[""탈것이나 짐승의 등 위에 오르다."",""불이 붙어 번지거나 불에 의해 변하다."",""상이나 상품 따위를 받다."",""가루나 액체를 다른 액체에 섞다."",""계절이나 날씨의 영향을 쉽게 받다.""]","[{""headword"":""타다1"",""senses"":[""탈것이나 짐승의 등 위에 오르다.""]},{""headword"":""타다2"",""senses"":[""불이 붙어 번지거나 불에 의해 변하다.""]},{""headword"":""타다3"",""senses"":[""상이나 상품 따위를 받다.""]},{""headword"":""타다4"",""senses"":[""가루나 액체를 다른 액체에 섞다.""]},{""headword"":""타다5"",""senses"":[""계절이나 날씨의 영향을 쉽게 받다.""]}]","수업 적합 뜻 선별; 창작 예문 및 뜻풀이 공식 사전 대조 필요"
"Q487","다른 뜻 기반 창작 문항","","","level1","타다","제주도에서 작은 배를 타 보았다.","탈것이나 짐승의 등 위에 오르다.","[""탈것이나 짐승의 등 위에 오르다."",""불이 붙어 번지거나 불에 의해 변하다."",""상이나 상품 따위를 받다."",""가루나 액체를 다른 액체에 섞다."",""계절이나 날씨의 영향을 쉽게 받다.""]","[{""headword"":""타다1"",""senses"":[""탈것이나 짐승의 등 위에 오르다.""]},{""headword"":""타다2"",""senses"":[""불이 붙어 번지거나 불에 의해 변하다.""]},{""headword"":""타다3"",""senses"":[""상이나 상품 따위를 받다.""]},{""headword"":""타다4"",""senses"":[""가루나 액체를 다른 액체에 섞다.""]},{""headword"":""타다5"",""senses"":[""계절이나 날씨의 영향을 쉽게 받다.""]}]","수업 적합 뜻 선별; 창작 예문 및 뜻풀이 공식 사전 대조 필요"
"Q488","다른 뜻 기반 창작 문항","","","level1","타다","옛날 장수는 말을 타고 성으로 향했다.","탈것이나 짐승의 등 위에 오르다.","[""탈것이나 짐승의 등 위에 오르다."",""불이 붙어 번지거나 불에 의해 변하다."",""상이나 상품 따위를 받다."",""가루나 액체를 다른 액체에 섞다."",""계절이나 날씨의 영향을 쉽게 받다.""]","[{""headword"":""타다1"",""senses"":[""탈것이나 짐승의 등 위에 오르다.""]},{""headword"":""타다2"",""senses"":[""불이 붙어 번지거나 불에 의해 변하다.""]},{""headword"":""타다3"",""senses"":[""상이나 상품 따위를 받다.""]},{""headword"":""타다4"",""senses"":[""가루나 액체를 다른 액체에 섞다.""]},{""headword"":""타다5"",""senses"":[""계절이나 날씨의 영향을 쉽게 받다.""]}]","수업 적합 뜻 선별; 창작 예문 및 뜻풀이 공식 사전 대조 필요"
"Q489","다른 뜻 기반 창작 문항","","","level1","타다","모닥불의 장작이 활활 탔다.","불이 붙어 번지거나 불에 의해 변하다.","[""탈것이나 짐승의 등 위에 오르다."",""불이 붙어 번지거나 불에 의해 변하다."",""상이나 상품 따위를 받다."",""가루나 액체를 다른 액체에 섞다."",""계절이나 날씨의 영향을 쉽게 받다.""]","[{""headword"":""타다1"",""senses"":[""탈것이나 짐승의 등 위에 오르다.""]},{""headword"":""타다2"",""senses"":[""불이 붙어 번지거나 불에 의해 변하다.""]},{""headword"":""타다3"",""senses"":[""상이나 상품 따위를 받다.""]},{""headword"":""타다4"",""senses"":[""가루나 액체를 다른 액체에 섞다.""]},{""headword"":""타다5"",""senses"":[""계절이나 날씨의 영향을 쉽게 받다.""]}]","수업 적합 뜻 선별; 창작 예문 및 뜻풀이 공식 사전 대조 필요"
"Q490","다른 뜻 기반 창작 문항","","","level1","타다","빵을 오래 구워 가장자리가 조금 탔다.","불이 붙어 번지거나 불에 의해 변하다.","[""탈것이나 짐승의 등 위에 오르다."",""불이 붙어 번지거나 불에 의해 변하다."",""상이나 상품 따위를 받다."",""가루나 액체를 다른 액체에 섞다."",""계절이나 날씨의 영향을 쉽게 받다.""]","[{""headword"":""타다1"",""senses"":[""탈것이나 짐승의 등 위에 오르다.""]},{""headword"":""타다2"",""senses"":[""불이 붙어 번지거나 불에 의해 변하다.""]},{""headword"":""타다3"",""senses"":[""상이나 상품 따위를 받다.""]},{""headword"":""타다4"",""senses"":[""가루나 액체를 다른 액체에 섞다.""]},{""headword"":""타다5"",""senses"":[""계절이나 날씨의 영향을 쉽게 받다.""]}]","수업 적합 뜻 선별; 창작 예문 및 뜻풀이 공식 사전 대조 필요"
"Q491","다른 뜻 기반 창작 문항","","","level1","타다","종이가 촛불 가까이에 있어 까맣게 탔다.","불이 붙어 번지거나 불에 의해 변하다.","[""탈것이나 짐승의 등 위에 오르다."",""불이 붙어 번지거나 불에 의해 변하다."",""상이나 상품 따위를 받다."",""가루나 액체를 다른 액체에 섞다."",""계절이나 날씨의 영향을 쉽게 받다.""]","[{""headword"":""타다1"",""senses"":[""탈것이나 짐승의 등 위에 오르다.""]},{""headword"":""타다2"",""senses"":[""불이 붙어 번지거나 불에 의해 변하다.""]},{""headword"":""타다3"",""senses"":[""상이나 상품 따위를 받다.""]},{""headword"":""타다4"",""senses"":[""가루나 액체를 다른 액체에 섞다.""]},{""headword"":""타다5"",""senses"":[""계절이나 날씨의 영향을 쉽게 받다.""]}]","수업 적합 뜻 선별; 창작 예문 및 뜻풀이 공식 사전 대조 필요"
"Q492","다른 뜻 기반 창작 문항","","","level1","타다","우리 모둠은 과학 대회에서 상을 탔다.","상이나 상품 따위를 받다.","[""탈것이나 짐승의 등 위에 오르다."",""불이 붙어 번지거나 불에 의해 변하다."",""상이나 상품 따위를 받다."",""가루나 액체를 다른 액체에 섞다."",""계절이나 날씨의 영향을 쉽게 받다.""]","[{""headword"":""타다1"",""senses"":[""탈것이나 짐승의 등 위에 오르다.""]},{""headword"":""타다2"",""senses"":[""불이 붙어 번지거나 불에 의해 변하다.""]},{""headword"":""타다3"",""senses"":[""상이나 상품 따위를 받다.""]},{""headword"":""타다4"",""senses"":[""가루나 액체를 다른 액체에 섞다.""]},{""headword"":""타다5"",""senses"":[""계절이나 날씨의 영향을 쉽게 받다.""]}]","수업 적합 뜻 선별; 창작 예문 및 뜻풀이 공식 사전 대조 필요"
"Q493","다른 뜻 기반 창작 문항","","","level1","타다","동생은 행사에서 경품을 타서 기뻐했다.","상이나 상품 따위를 받다.","[""탈것이나 짐승의 등 위에 오르다."",""불이 붙어 번지거나 불에 의해 변하다."",""상이나 상품 따위를 받다."",""가루나 액체를 다른 액체에 섞다."",""계절이나 날씨의 영향을 쉽게 받다.""]","[{""headword"":""타다1"",""senses"":[""탈것이나 짐승의 등 위에 오르다.""]},{""headword"":""타다2"",""senses"":[""불이 붙어 번지거나 불에 의해 변하다.""]},{""headword"":""타다3"",""senses"":[""상이나 상품 따위를 받다.""]},{""headword"":""타다4"",""senses"":[""가루나 액체를 다른 액체에 섞다.""]},{""headword"":""타다5"",""senses"":[""계절이나 날씨의 영향을 쉽게 받다.""]}]","수업 적합 뜻 선별; 창작 예문 및 뜻풀이 공식 사전 대조 필요"
"Q494","다른 뜻 기반 창작 문항","","","level1","타다","선수는 대회에서 금메달을 탔다.","상이나 상품 따위를 받다.","[""탈것이나 짐승의 등 위에 오르다."",""불이 붙어 번지거나 불에 의해 변하다."",""상이나 상품 따위를 받다."",""가루나 액체를 다른 액체에 섞다."",""계절이나 날씨의 영향을 쉽게 받다.""]","[{""headword"":""타다1"",""senses"":[""탈것이나 짐승의 등 위에 오르다.""]},{""headword"":""타다2"",""senses"":[""불이 붙어 번지거나 불에 의해 변하다.""]},{""headword"":""타다3"",""senses"":[""상이나 상품 따위를 받다.""]},{""headword"":""타다4"",""senses"":[""가루나 액체를 다른 액체에 섞다.""]},{""headword"":""타다5"",""senses"":[""계절이나 날씨의 영향을 쉽게 받다.""]}]","수업 적합 뜻 선별; 창작 예문 및 뜻풀이 공식 사전 대조 필요"
"Q495","다른 뜻 기반 창작 문항","","","level1","타다","엄마는 따뜻한 물에 꿀을 타 주셨다.","가루나 액체를 다른 액체에 섞다.","[""탈것이나 짐승의 등 위에 오르다."",""불이 붙어 번지거나 불에 의해 변하다."",""상이나 상품 따위를 받다."",""가루나 액체를 다른 액체에 섞다."",""계절이나 날씨의 영향을 쉽게 받다.""]","[{""headword"":""타다1"",""senses"":[""탈것이나 짐승의 등 위에 오르다.""]},{""headword"":""타다2"",""senses"":[""불이 붙어 번지거나 불에 의해 변하다.""]},{""headword"":""타다3"",""senses"":[""상이나 상품 따위를 받다.""]},{""headword"":""타다4"",""senses"":[""가루나 액체를 다른 액체에 섞다.""]},{""headword"":""타다5"",""senses"":[""계절이나 날씨의 영향을 쉽게 받다.""]}]","수업 적합 뜻 선별; 창작 예문 및 뜻풀이 공식 사전 대조 필요"
"Q496","다른 뜻 기반 창작 문항","","","level1","타다","나는 우유에 코코아 가루를 타서 마셨다.","가루나 액체를 다른 액체에 섞다.","[""탈것이나 짐승의 등 위에 오르다."",""불이 붙어 번지거나 불에 의해 변하다."",""상이나 상품 따위를 받다."",""가루나 액체를 다른 액체에 섞다."",""계절이나 날씨의 영향을 쉽게 받다.""]","[{""headword"":""타다1"",""senses"":[""탈것이나 짐승의 등 위에 오르다.""]},{""headword"":""타다2"",""senses"":[""불이 붙어 번지거나 불에 의해 변하다.""]},{""headword"":""타다3"",""senses"":[""상이나 상품 따위를 받다.""]},{""headword"":""타다4"",""senses"":[""가루나 액체를 다른 액체에 섞다.""]},{""headword"":""타다5"",""senses"":[""계절이나 날씨의 영향을 쉽게 받다.""]}]","수업 적합 뜻 선별; 창작 예문 및 뜻풀이 공식 사전 대조 필요"
"Q497","다른 뜻 기반 창작 문항","","","level1","타다","할머니께서는 보리차에 얼음을 타셨다.","가루나 액체를 다른 액체에 섞다.","[""탈것이나 짐승의 등 위에 오르다."",""불이 붙어 번지거나 불에 의해 변하다."",""상이나 상품 따위를 받다."",""가루나 액체를 다른 액체에 섞다."",""계절이나 날씨의 영향을 쉽게 받다.""]","[{""headword"":""타다1"",""senses"":[""탈것이나 짐승의 등 위에 오르다.""]},{""headword"":""타다2"",""senses"":[""불이 붙어 번지거나 불에 의해 변하다.""]},{""headword"":""타다3"",""senses"":[""상이나 상품 따위를 받다.""]},{""headword"":""타다4"",""senses"":[""가루나 액체를 다른 액체에 섞다.""]},{""headword"":""타다5"",""senses"":[""계절이나 날씨의 영향을 쉽게 받다.""]}]","수업 적합 뜻 선별; 창작 예문 및 뜻풀이 공식 사전 대조 필요"
"Q498","다른 뜻 기반 창작 문항","","","level1","타다","동생은 추위를 많이 타서 겨울에 목도리를 꼭 한다.","계절이나 날씨의 영향을 쉽게 받다.","[""탈것이나 짐승의 등 위에 오르다."",""불이 붙어 번지거나 불에 의해 변하다."",""상이나 상품 따위를 받다."",""가루나 액체를 다른 액체에 섞다."",""계절이나 날씨의 영향을 쉽게 받다.""]","[{""headword"":""타다1"",""senses"":[""탈것이나 짐승의 등 위에 오르다.""]},{""headword"":""타다2"",""senses"":[""불이 붙어 번지거나 불에 의해 변하다.""]},{""headword"":""타다3"",""senses"":[""상이나 상품 따위를 받다.""]},{""headword"":""타다4"",""senses"":[""가루나 액체를 다른 액체에 섞다.""]},{""headword"":""타다5"",""senses"":[""계절이나 날씨의 영향을 쉽게 받다.""]}]","수업 적합 뜻 선별; 창작 예문 및 뜻풀이 공식 사전 대조 필요"
"Q499","다른 뜻 기반 창작 문항","","","level1","타다","나는 더위를 타서 여름이면 물을 자주 마신다.","계절이나 날씨의 영향을 쉽게 받다.","[""탈것이나 짐승의 등 위에 오르다."",""불이 붙어 번지거나 불에 의해 변하다."",""상이나 상품 따위를 받다."",""가루나 액체를 다른 액체에 섞다."",""계절이나 날씨의 영향을 쉽게 받다.""]","[{""headword"":""타다1"",""senses"":[""탈것이나 짐승의 등 위에 오르다.""]},{""headword"":""타다2"",""senses"":[""불이 붙어 번지거나 불에 의해 변하다.""]},{""headword"":""타다3"",""senses"":[""상이나 상품 따위를 받다.""]},{""headword"":""타다4"",""senses"":[""가루나 액체를 다른 액체에 섞다.""]},{""headword"":""타다5"",""senses"":[""계절이나 날씨의 영향을 쉽게 받다.""]}]","수업 적합 뜻 선별; 창작 예문 및 뜻풀이 공식 사전 대조 필요"
"Q500","다른 뜻 기반 창작 문항","","","level1","타다","친구는 낯을 타서 처음 만난 사람 앞에서는 조용하다.","계절이나 날씨의 영향을 쉽게 받다.","[""탈것이나 짐승의 등 위에 오르다."",""불이 붙어 번지거나 불에 의해 변하다."",""상이나 상품 따위를 받다."",""가루나 액체를 다른 액체에 섞다."",""계절이나 날씨의 영향을 쉽게 받다.""]","[{""headword"":""타다1"",""senses"":[""탈것이나 짐승의 등 위에 오르다.""]},{""headword"":""타다2"",""senses"":[""불이 붙어 번지거나 불에 의해 변하다.""]},{""headword"":""타다3"",""senses"":[""상이나 상품 따위를 받다.""]},{""headword"":""타다4"",""senses"":[""가루나 액체를 다른 액체에 섞다.""]},{""headword"":""타다5"",""senses"":[""계절이나 날씨의 영향을 쉽게 받다.""]}]","수업 적합 뜻 선별; 창작 예문 및 뜻풀이 공식 사전 대조 필요"
